,station,month,Average_CO,Max_CO,Min_CO,STD_CO,Average_SO2,Max_SO2,Min_SO2,STD_SO2
0,Aotizhongxin,1,896.514745308311,2200.0,100.0,485.2359992486856,16.394101876675602,42.0,2.0,10.38521197816063
1,Aotizhongxin,2,754.7375160051216,2200.0,100.0,495.68926017531055,14.492957746478874,42.0,2.0,10.071315930449371
2,Aotizhongxin,3,814.4080604534005,2200.0,200.0,498.7036525499722,15.040239294710329,42.0,2.0,10.694816707945588
3,Aotizhongxin,4,763.9901088031652,2200.0,100.0,439.6704153372147,13.06003956478734,42.0,2.0,10.130701306148373
4,Aotizhongxin,5,678.7532795156408,2200.0,100.0,385.146274653143,11.461957618567103,42.0,2.0,9.525334629309514
5,Aotizhongxin,6,746.7546766435062,2200.0,100.0,435.1029237120447,6.784607161945484,41.0,2.0,6.679131707563949
6,Aotizhongxin,7,788.2788279773157,2200.0,100.0,396.01197148099186,5.331758034026465,39.0,2.0,4.7682512795393865
7,Aotizhongxin,8,736.9555455770094,2200.0,100.0,396.58728278360593,4.150336775931747,30.0,1.0,3.4338942166588495
8,Aotizhongxin,9,821.9547306473518,2200.0,100.0,464.95034480137457,6.483476686283386,39.0,1.0,6.114237323829154
9,Aotizhongxin,10,881.7731550272412,2200.0,100.0,510.33387121716504,7.434734026745914,42.0,0.5712,7.646884172596321
10,Aotizhongxin,11,968.6038744154977,2200.0,100.0,571.3786112945353,10.615364061456246,42.0,1.0,8.089876432073659
11,Aotizhongxin,12,879.1590493601462,2200.0,100.0,513.4110195103245,15.247714808043876,42.0,2.0,10.097687056234918
12,Changping,1,875.4448398576512,2200.0,100.0,515.0739491171922,17.12455516014235,42.0,2.0,11.08999712424644
13,Changping,2,814.3530997304582,2200.0,100.0,488.8812823964945,14.563342318059298,42.0,2.0,10.854243224152064
14,Changping,3,846.3632432432432,2200.0,200.0,518.757282733082,14.417405405405406,42.0,2.0,11.25516333757597
15,Changping,4,739.4348599377502,2200.0,100.0,403.0440073301453,10.104935526900844,42.0,2.0,8.932208982235936
16,Changping,5,638.2669138090824,2100.0,100.0,381.97989583763297,9.222752548656164,42.0,2.0,9.157000581137806
17,Changping,6,676.5808,2200.0,100.0,368.4164174158885,5.08,41.0,2.0,5.942359200760629
18,Changping,7,770.3804761904762,2200.0,100.0,393.7914051822234,4.392380952380952,40.0,2.0,4.500102063065649
19,Changping,8,690.7212317666126,2200.0,100.0,379.3181411588206,4.105875202593192,42.0,1.0,4.882836630361613
20,Changping,9,800.1265551265551,2200.0,100.0,440.290075892832,4.66023166023166,40.0,1.0,5.048643359818228
21,Changping,10,878.384912959381,2200.0,100.0,503.86210668122567,5.90715667311412,41.0,1.0,5.964585619034359
22,Changping,11,1048.6796785304248,2200.0,200.0,569.4863830933874,11.9601607347876,42.0,1.0,9.972437464930799
23,Changping,12,937.7928949357521,2200.0,100.0,565.8527866301223,16.197278911564627,42.0,2.0,10.890651315912287
24,Dingling,1,782.4267782426779,2200.0,100.0,596.3923374287607,16.47017334130305,42.0,1.0,10.86036100588138
25,Dingling,2,707.3126142595978,2200.0,100.0,548.7526035434017,12.778793418647167,42.0,2.0,10.757660401953663
26,Dingling,3,762.0938875305624,2200.0,100.0,522.7814048408336,12.722933985330075,42.0,2.0,10.454920806889023
27,Dingling,4,595.9461264470169,2200.0,100.0,371.46798084552603,8.547105966162066,42.0,2.0,8.020695841181082
28,Dingling,5,506.487106017192,2100.0,100.0,374.93181106544046,7.692168099331423,42.0,2.0,8.41254130436935
29,Dingling,6,542.6555183946489,2200.0,100.0,419.23358474687427,4.364070711896799,42.0,2.0,4.825669200243537
30,Dingling,7,637.9564516129033,2200.0,100.0,380.90427320124644,3.999462365591398,37.0,2.0,3.816458755180991
31,Dingling,8,618.440594059406,2200.0,100.0,319.06390724579296,4.053011551155116,41.0,1.0,4.2758088689717075
32,Dingling,9,625.5538461538462,2100.0,100.0,401.624313281674,4.1290598290598295,34.0,1.0,4.357428626787561
33,Dingling,10,806.3176895306859,2200.0,100.0,461.0693955507163,5.593261131167268,38.0,2.0,5.09400165040907
34,Dingling,11,905.2221581073284,2200.0,100.0,594.5359551809805,11.480669359492211,42.0,1.0,9.197179330362108
35,Dingling,12,841.8319719953325,2200.0,100.0,602.9266275094467,14.835472578763127,42.0,1.0,10.548794229704582
36,Dongsi,1,882.641252552757,2200.0,100.0,564.8824670620165,15.421579305650102,42.0,1.0,10.373692292622898
37,Dongsi,2,776.8558951965066,2200.0,100.0,521.4998940093344,12.880640465793304,42.0,2.0,9.984708812854143
38,Dongsi,3,850.2636419374617,2200.0,100.0,523.1402389334914,15.055732679337831,42.0,2.0,11.308223401698823
39,Dongsi,4,820.968559361802,2200.0,100.0,462.20021721658657,13.732050680431723,42.0,2.0,10.684111342662376
40,Dongsi,5,791.9681978798586,2200.0,100.0,429.0040244898854,12.318273599192327,42.0,2.0,10.625308991245811
41,Dongsi,6,892.0030048076923,2200.0,100.0,427.3796813765292,7.525841346153846,42.0,2.0,8.169833222165613
42,Dongsi,7,975.0151607034567,2200.0,200.0,399.4463892095385,6.016373559733172,41.0,2.0,5.453942076246139
43,Dongsi,8,893.569844789357,2200.0,200.0,392.7000040046764,5.282882483370288,39.0,1.0,5.117513436502666
44,Dongsi,9,965.0343915343915,2200.0,200.0,470.3444379422877,6.963403880070547,42.0,1.0,7.078797860169892
45,Dongsi,10,928.2630029440628,2200.0,100.0,523.8223114349049,8.393032384690873,42.0,1.0,7.724012792454351
46,Dongsi,11,1078.2394366197184,2200.0,100.0,583.480359156914,11.858380281690142,41.0,2.0,8.801792464103377
47,Dongsi,12,917.008547008547,2200.0,200.0,543.7029911752765,15.152991452991452,42.0,2.0,9.860689792843518
48,Guanyuan,1,832.4478178368122,2200.0,100.0,528.0040197781465,16.463630613535738,42.0,1.0,10.737876848584458
49,Guanyuan,2,735.9721342621913,2200.0,100.0,514.3423223608484,13.658644711842939,42.0,1.0,10.86035946893455
50,Guanyuan,3,806.9134448932487,2200.0,100.0,505.05949905404196,14.751759953837276,42.0,2.0,11.519068615222587
51,Guanyuan,4,774.7905308464849,2200.0,100.0,448.0700486998341,12.464234146341463,42.0,1.7136,10.243125168519269
52,Guanyuan,5,737.3571048430016,2200.0,100.0,394.38846136419284,10.636455561468868,42.0,2.0,9.58039445035026
53,Guanyuan,6,881.3262586377098,2200.0,100.0,439.98066699560377,7.126357354392892,42.0,2.0,7.5062986725561
54,Guanyuan,7,937.8089887640449,2200.0,100.0,400.17516833776403,6.32046897899365,40.0,2.0,5.001552659696058
55,Guanyuan,8,819.0093141405589,2200.0,100.0,396.7447389498806,4.660160880609652,28.0,1.0,3.710471527661681
56,Guanyuan,9,895.6413321947053,2200.0,100.0,452.86430706638055,5.898804440649018,42.0,1.0,5.529966388523053
57,Guanyuan,10,919.6563921172309,2200.0,100.0,528.569700593556,6.5229914098029305,41.0,1.0,6.196059606438515
58,Guanyuan,11,972.4919093851132,2200.0,100.0,570.4743652362945,10.291909385113268,42.0,1.0,8.731432886465488
59,Guanyuan,12,889.9006622516556,2200.0,100.0,546.8269455995156,15.10430463576159,42.0,2.0,10.828667100099793
60,Gucheng,1,997.360912981455,2200.0,100.0,548.9463240162792,17.281027104136946,42.0,1.0,10.875102871713771
61,Gucheng,2,878.9264413518887,2200.0,100.0,546.1402187027992,14.737574552683897,42.0,2.0,10.522178154039512
62,Gucheng,3,905.7366526694661,2200.0,100.0,542.5331725633426,14.506718656268747,42.0,2.0,10.721612753809318
63,Gucheng,4,793.1194968553459,2200.0,200.0,428.11341257742714,11.05788679245283,42.0,2.0,8.618346400882556
64,Gucheng,5,710.5820610687023,2200.0,100.0,382.4523992004426,10.036593511450382,42.0,2.0,8.914617083526656
65,Gucheng,6,835.0942828485456,2200.0,100.0,401.6809850934723,4.87913741223671,41.0,2.0,5.504633459323139
66,Gucheng,7,836.3673563218391,2200.0,100.0,404.3872666138259,3.6308045977011494,34.0,2.0,3.03525255818608
67,Gucheng,8,804.1978387364921,2200.0,100.0,357.99604048308123,2.8817123857024103,39.0,1.0,1.9420604769259358
68,Gucheng,9,848.2168960607498,2200.0,100.0,430.6916563926877,4.383483626008543,34.0,1.0,4.273760197432593
69,Gucheng,10,941.2734768666973,2200.0,100.0,507.48352920778785,5.282180485570316,41.0,1.0,5.49152237314415
70,Gucheng,11,1069.969040247678,2200.0,100.0,592.3267597929362,10.559566563467493,42.0,1.0,8.94438307875953
71,Gucheng,12,911.9507908611599,2200.0,100.0,623.5325564391711,13.007029876977153,42.0,1.0,9.335906029437504
72,Huairou,1,909.4086021505376,2200.0,100.0,597.6578589231752,12.864516129032259,42.0,1.0,11.011653518606268
73,Huairou,2,793.3411903358868,2200.0,100.0,567.1192698062821,9.921744254566883,42.0,1.0,10.045199960120318
74,Huairou,3,837.8262960983432,2200.0,100.0,544.9528000687749,12.772848743987172,42.0,2.0,11.213495991955455
75,Huairou,4,710.3835548990645,2200.0,100.0,389.66679729185506,9.799950763170852,42.0,2.0,9.191712105268858
76,Huairou,5,648.470498474059,2200.0,100.0,391.27826518809616,8.577314343845371,42.0,2.0,8.746663725128348
77,Huairou,6,743.7,2200.0,100.0,432.4885055533355,4.8743169398907105,40.0,2.0,4.881039341149537
78,Huairou,7,793.2263964409293,2200.0,100.0,375.40059994673834,3.717251606524963,40.0,2.0,3.6574563703961327
79,Huairou,8,683.0685618729098,2200.0,100.0,342.2221016493829,3.164548494983278,24.0,1.0,2.487949519490432
80,Huairou,9,758.2048140043763,2200.0,100.0,447.182304210746,4.4161925601750545,40.0,1.0,5.273816003081445
81,Huairou,10,812.8038194444445,2200.0,100.0,506.51521044638224,5.543402777777778,39.0,1.0,6.245994277680202
82,Huairou,11,932.1692080668962,2200.0,100.0,577.8456347968315,8.42203639940974,42.0,1.0,9.0155130074802
83,Huairou,12,1002.8650137741047,2200.0,100.0,596.3898658313693,12.787878787878787,42.0,1.0,11.009200655870542
84,Nongzhanguan,1,793.6042638241173,2200.0,100.0,507.9229606496844,16.23317788141239,42.0,1.0,10.530286091127993
85,Nongzhanguan,2,732.2134387351779,2200.0,100.0,505.60129708979775,14.179183135704875,42.0,2.0,10.300215426355237
86,Nongzhanguan,3,771.852195423624,2200.0,100.0,497.237957553894,15.218367346938775,42.0,2.0,11.468691359139912
87,Nongzhanguan,4,781.6845124282983,2200.0,100.0,456.4129577844761,12.809273422562141,42.0,2.0,10.558821599966302
88,Nongzhanguan,5,723.1971458773785,2200.0,100.0,416.995188885898,11.727484143763215,42.0,2.0,10.27291342822573
89,Nongzhanguan,6,897.3995859213251,2200.0,200.0,446.19976548588903,7.9270186335403725,42.0,2.0,7.87981674767037
90,Nongzhanguan,7,935.3741903338316,2200.0,100.0,413.1569833765266,6.085201793721973,41.0,2.0,5.516513345236486
91,Nongzhanguan,8,870.7632600258733,2200.0,100.0,397.55386057451653,4.554204398447607,30.0,1.0,4.076472219705498
92,Nongzhanguan,9,915.5306319343946,2200.0,100.0,491.3798416660854,6.980221900627111,41.0,1.0,6.673876819661722
93,Nongzhanguan,10,919.7044334975369,2200.0,100.0,521.726964475545,8.129064039408867,42.0,1.0,7.215003575892085
94,Nongzhanguan,11,976.8844221105528,2200.0,100.0,568.1740172244264,12.029334170854272,42.0,1.0,9.013333237441335
95,Nongzhanguan,12,877.6531492666091,2200.0,100.0,533.4503459985245,16.191544434857637,42.0,2.0,10.50147934045722
96,Shunyi,1,821.4656290531777,2200.0,100.0,572.4926925158055,14.380220492866407,42.0,1.0,11.674527497675697
97,Shunyi,2,760.3359173126615,2200.0,100.0,566.0992905861973,12.492248062015504,42.0,1.0,11.119638136186406
98,Shunyi,3,832.5890173410405,2200.0,100.0,560.7003618448015,13.199017341040461,42.0,2.0,11.672199285700737
99,Shunyi,4,786.7319787131108,2200.0,100.0,448.0052321707584,11.738751814223512,42.0,2.0,10.346441461189288
100,Shunyi,5,665.5055617352614,2200.0,100.0,413.39981970456364,9.439377085650722,42.0,2.0,9.094473916425708
101,Shunyi,6,783.1315083199141,2200.0,100.0,466.6824872659824,4.150831991411701,38.0,2.0,4.282117300707803
102,Shunyi,7,775.1426116838488,2200.0,100.0,402.6843776669448,3.428293241695304,25.0,2.0,2.9596486194540486
103,Shunyi,8,752.1338506304559,2200.0,100.0,417.2212385425023,3.120514064015519,30.0,1.0,2.966559723232477
104,Shunyi,9,842.0501424501424,2200.0,100.0,512.1179141873693,4.597150997150997,42.0,1.0,5.063011493086427
105,Shunyi,10,880.9416025350838,2200.0,100.0,520.5938470274394,5.390674513354459,41.0,1.0,6.317169778500917
106,Shunyi,11,986.3479262672811,2200.0,100.0,604.1195970361124,10.511751152073733,42.0,1.0,9.071382632669541
107,Shunyi,12,913.8647019423978,2200.0,100.0,582.8899761614645,14.313462826523777,42.0,1.0,10.54332626918516
108,Tiantan,1,894.7536788227767,2200.0,100.0,537.91993997457,15.393474088291747,42.0,1.0,9.997087073684773
109,Tiantan,2,812.0512820512821,2200.0,100.0,535.9874175769363,11.89551282051282,42.0,1.0,9.56105154259825
110,Tiantan,3,858.9052876234747,2200.0,100.0,538.920994318624,13.509006391632772,42.0,2.0,10.73627058372935
111,Tiantan,4,809.2771198484131,2200.0,100.0,441.96734502524913,11.186641402179061,42.0,2.0,10.043282239674168
112,Tiantan,5,738.5337915234823,2200.0,100.0,400.03400035031393,10.34077892325315,42.0,2.0,10.25900223985748
113,Tiantan,6,894.3882783882784,2200.0,100.0,448.24021461562074,6.775510204081633,40.0,2.0,7.008248463970808
114,Tiantan,7,941.2798099762471,2200.0,100.0,404.932772780182,5.398099762470308,42.0,2.0,4.72727666594145
115,Tiantan,8,847.1890971039182,2200.0,200.0,372.00240528248617,4.500724020442931,39.0,1.0,4.0345540315050785
116,Tiantan,9,932.0476606908613,2200.0,200.0,459.7886167503164,5.989943156974202,42.0,1.0,6.254613999159512
117,Tiantan,10,967.1621621621622,2200.0,100.0,539.0459925402811,6.136486486486486,41.0,1.0,6.626440156360655
118,Tiantan,11,1045.6870910172515,2200.0,100.0,572.5731557594661,8.028554431885782,42.0,1.0,7.729451614075034
119,Tiantan,12,933.8375796178344,2200.0,100.0,560.2730572660089,13.189808917197453,42.0,2.0,10.180980218548216
120,Wanliu,1,956.748224151539,2200.0,100.0,508.28041007246367,16.134175217048146,42.0,1.0,10.019617022961018
121,Wanliu,2,717.1636845593108,2200.0,100.0,536.4965561441984,14.719681908548708,42.0,2.0,10.373797122666906
122,Wanliu,3,757.6644518272425,2200.0,100.0,467.58675206876933,15.164119601328904,42.0,2.0,10.334642169048808
123,Wanliu,4,776.7433983926521,2200.0,100.0,441.1802211515965,13.963834672789897,42.0,2.0,9.955464343537894
124,Wanliu,5,678.1733870967741,2200.0,100.0,347.8623028183088,11.201159274193548,42.0,2.0,10.082250430516774
125,Wanliu,6,888.0226928895613,2200.0,100.0,442.9408064420275,8.547245184064549,41.412,2.0,7.641137246958564
126,Wanliu,7,805.8602344454464,2200.0,100.0,371.62641638760573,7.133511632100992,38.0,0.2856,5.515811264241507
127,Wanliu,8,753.0277544154752,2200.0,100.0,357.37508896766144,6.370507989907485,41.412,0.2856,6.670496235950965
128,Wanliu,9,838.8222222222222,2200.0,200.0,408.2024406451748,7.709245490196079,41.6976,2.0,6.80586116439624
129,Wanliu,10,878.9989118607182,2200.0,100.0,520.6823953007911,6.549254406964091,42.0,2.0,5.967200259754205
130,Wanliu,11,992.2672672672672,2200.0,200.0,573.6974289070198,10.868993993993994,42.0,1.0,8.674227110636775
131,Wanliu,12,849.600709849157,2200.0,100.0,590.5090981137298,15.52315882874889,42.0,2.0,10.047476356376494
132,Wanshouxigong,1,902.0718232044198,2200.0,100.0,527.4456214371078,16.611187845303867,42.0,1.0,10.73092717500126
133,Wanshouxigong,2,790.3833221250841,2200.0,100.0,550.4143071295106,13.2044384667115,42.0,1.0,10.196186270978465
134,Wanshouxigong,3,839.1325998841922,2200.0,200.0,525.3535798997257,15.297046902142444,42.0,2.0,11.579655485802373
135,Wanshouxigong,4,845.9377574370709,2200.0,100.0,467.51323145122296,12.247858672768878,42.0,0.5712,10.132939259464054
136,Wanshouxigong,5,786.9942446043166,2200.0,100.0,420.2725899590525,10.666187050359712,42.0,2.0,9.908437005408024
137,Wanshouxigong,6,905.8491471215352,2200.0,100.0,474.6899868664516,6.689232409381663,42.0,2.0,7.412055854967439
138,Wanshouxigong,7,982.3387896825396,2200.0,100.0,419.84587601437363,4.742063492063492,35.0,2.0,4.262705312774947
139,Wanshouxigong,8,925.952582557155,2200.0,200.0,406.1675650904311,3.7207027942421673,33.0,1.0,3.389599511898683
140,Wanshouxigong,9,973.7383007723762,2200.0,200.0,470.5699751178184,5.714675147660154,42.0,1.0,5.989719070386382
141,Wanshouxigong,10,968.7321258341277,2200.0,100.0,521.6389688811347,5.880838894184938,42.0,1.0,6.213504211347119
142,Wanshouxigong,11,996.9440832249675,2200.0,100.0,585.5979361899927,9.264954486345903,42.0,1.0,8.010211482478065
143,Wanshouxigong,12,905.3722179585571,2200.0,200.0,529.6307690423131,15.401381427475057,42.0,1.0,10.46378721803262
