EmployeeId,MonthlyIncome,DailyRate,Department,EnvironmentSatisfaction,JobSatisfaction,StockOptionLevel,WorkLifeBalance,NumCompaniesWorked,YearsInCurrentRole,PercentSalaryHike,YearsWithCurrManager,Attrition
1,2991,1444,Human Resources,4,2,1,3,0,2,11,2,0.0
2,4777,1141,Research & Development,1,2,0,1,5,0,15,0,1.0
3,2461,1323,Research & Development,1,3,3,4,9,0,12,7,1.0
4,13525,555,Sales,3,2,1,4,5,4,14,8,0.0
5,2001,1194,Research & Development,3,3,3,3,2,3,14,2,0.0
6,2804,352,Human Resources,4,2,0,3,1,0,11,0,0.0
7,7457,1124,Sales,2,4,3,2,2,3,22,2,0.0
8,19859,725,Research & Development,4,1,1,3,5,2,13,4,1.0
9,2153,635,Research & Development,2,4,0,3,1,1,13,7,0.0
10,11159,1018,Research & Development,3,4,0,3,3,7,15,7,0.0
11,4256,583,Sales,3,1,0,4,1,2,12,3,0.0
12,2973,129,Research & Development,1,1,0,3,1,0,19,0,1.0
13,4591,571,Sales,3,3,1,2,3,4,17,2,0.0
14,15992,810,Research & Development,1,4,0,3,2,0,14,0,0.0
15,5855,616,Research & Development,4,4,2,1,0,7,11,5,0.0
16,5329,573,Research & Development,2,4,3,3,7,11,12,9,0.0
17,4553,408,Research & Development,4,3,0,3,1,7,11,10,0.0
18,19406,821,Research & Development,1,1,1,2,4,2,11,2,0.0
19,5206,772,Research & Development,4,3,2,3,1,7,17,7,0.0
20,18711,1098,Research & Development,1,3,1,4,2,0,13,0,0.0
21,2725,691,Research & Development,2,4,2,3,1,5,11,4,0.0
22,13237,302,Research & Development,2,3,0,3,7,6,15,13,0.0
23,6230,267,Sales,4,4,0,3,7,3,14,10,0.0
24,5228,588,Sales,3,2,0,3,1,12,11,9,0.0
25,2293,813,Research & Development,2,4,1,2,2,0,16,0,1.0
26,3211,722,Research & Development,3,1,1,2,1,6,14,4,0.0
27,2296,350,Research & Development,3,1,3,3,0,1,14,0,0.0
28,17123,412,Research & Development,3,2,2,3,6,9,13,2,0.0
29,2267,818,Human Resources,2,3,0,2,8,2,17,2,0.0
30,19658,1176,Human Resources,4,3,1,3,3,2,11,0,0.0
31,6586,1425,Research & Development,3,4,1,2,0,8,17,11,0.0
32,3491,853,Research & Development,3,3,3,2,1,7,13,9,0.0
33,2844,433,Human Resources,3,3,1,4,1,6,13,0,0.0
34,2909,1496,Sales,1,3,1,4,3,2,15,2,1.0
35,2695,192,Research & Development,3,4,1,1,0,2,18,2,0.0
36,6653,845,Sales,4,4,0,3,4,0,15,0,0.0
37,6162,427,Research & Development,1,4,1,3,1,8,22,8,0.0
38,4876,990,Research & Development,4,2,1,3,5,4,12,2,0.0
39,4221,120,Sales,2,3,0,4,1,4,15,4,0.0
40,6172,249,Sales,2,3,0,2,4,7,18,7,1.0
41,3875,316,Sales,4,2,1,3,7,2,15,2,0.0
42,9613,1132,Research & Development,3,4,3,2,0,10,17,7,0.0
43,2426,809,Research & Development,1,2,1,3,0,4,13,3,0.0
44,6524,379,Sales,2,2,1,3,1,8,14,3,0.0
45,2377,1330,Research & Development,1,3,1,2,1,1,20,0,1.0
46,4152,288,Research & Development,3,4,3,3,1,10,19,8,0.0
47,5343,345,Sales,1,4,1,3,1,7,11,9,0.0
48,2064,330,Human Resources,3,3,1,4,0,3,21,3,0.0
49,9526,216,Research & Development,4,3,0,3,0,7,21,8,0.0
50,3447,1343,Sales,3,3,0,3,1,2,11,2,0.0
51,10221,950,Research & Development,3,3,0,4,3,5,21,6,0.0
52,19331,264,Sales,3,3,1,3,4,0,16,0,0.0
53,4724,426,Research & Development,3,4,1,3,1,7,13,2,0.0
54,6397,1479,Research & Development,3,2,1,1,1,5,20,4,0.0
55,3722,523,Research & Development,2,4,1,1,6,2,13,2,1.0
56,2141,241,Research & Development,2,2,1,2,1,4,12,1,0.0
57,2370,1062,Research & Development,3,2,1,3,1,0,13,7,0.0
58,5396,929,Sales,4,4,0,2,1,7,12,8,0.0
59,2768,1303,Research & Development,4,3,1,3,3,3,12,7,0.0
60,11878,553,Research & Development,4,2,2,3,6,6,11,8,0.0
61,5070,983,Research & Development,1,4,3,3,5,0,13,4,0.0
62,2404,660,Sales,4,3,1,3,1,0,13,0,0.0
63,3833,921,Research & Development,4,3,2,3,3,2,21,2,0.0
64,3346,1145,Research & Development,2,2,1,2,4,0,20,0,0.0
65,10609,625,Sales,1,3,0,1,5,1,11,7,1.0
66,16704,1005,Research & Development,4,2,0,3,1,6,11,6,0.0
67,3482,585,Sales,1,4,2,2,2,8,15,0,0.0
68,2288,1380,Research & Development,3,4,0,3,1,2,12,1,0.0
69,5346,1372,Sales,1,3,0,2,8,3,13,3,1.0
70,3540,728,Sales,2,3,1,3,1,8,21,8,0.0
71,13247,322,Research & Development,4,3,1,2,2,3,11,2,0.0
72,4789,271,Research & Development,3,1,1,3,4,2,25,2,0.0
73,5454,1488,Sales,2,1,1,2,5,3,21,3,0.0
74,2177,142,Research & Development,3,4,1,3,3,0,17,0,0.0
75,17875,605,Sales,4,4,1,2,4,0,13,0,0.0
76,3978,471,Research & Development,1,3,1,2,8,2,12,2,0.0
77,5265,926,Research & Development,3,3,1,3,2,3,16,2,0.0
78,4805,561,Sales,4,2,1,4,0,7,19,7,0.0
79,6583,1079,Sales,3,4,1,3,2,2,11,4,0.0
80,5433,1130,Research & Development,4,2,1,3,1,8,12,9,0.0
81,2693,1427,Research & Development,4,4,0,2,1,0,19,0,1.0
82,2819,885,Research & Development,1,1,1,4,2,2,16,2,0.0
83,2105,207,Research & Development,2,3,0,3,4,2,12,0,0.0
84,5940,1147,Sales,4,1,1,3,2,2,14,5,0.0
85,3376,509,Research & Development,2,3,0,3,1,6,13,8,0.0
86,10851,1038,Research & Development,2,1,1,3,2,7,18,7,0.0
87,6652,1120,Sales,2,4,1,2,4,3,13,0,0.0
88,8865,1052,Sales,4,4,0,3,6,7,12,8,0.0
89,7314,1254,Sales,3,2,3,3,5,7,21,7,0.0
90,5087,419,Sales,2,4,2,3,3,0,12,0,0.0
91,3986,1157,Research & Development,2,4,1,4,1,10,14,13,0.0
92,4284,783,Research & Development,4,1,1,3,5,3,22,4,0.0
93,10239,111,Sales,1,4,1,3,3,0,14,0,0.0
94,2814,457,Research & Development,2,3,0,2,1,2,14,3,0.0
95,9547,1069,Research & Development,4,3,0,2,1,9,17,9,0.0
96,5373,136,Research & Development,1,1,1,2,0,3,12,2,0.0
97,4900,405,Research & Development,2,3,1,2,0,9,24,8,0.0
98,10448,1168,Sales,1,1,0,2,6,2,13,2,0.0
99,2622,147,Research & Development,3,2,0,3,6,2,21,1,0.0
100,2314,300,Research & Development,4,4,1,3,0,0,12,2,0.0
101,2625,251,Research & Development,1,3,0,1,1,2,20,2,1.0
102,2351,296,Sales,4,3,1,2,0,2,16,0,1.0
103,3537,1441,Research & Development,1,2,1,3,5,2,12,2,0.0
104,9981,1242,Sales,4,3,0,3,1,7,14,7,0.0
105,13225,1319,Sales,1,1,1,3,2,17,12,8,0.0
106,2741,917,Research & Development,3,3,1,3,1,7,14,7,0.0
107,19545,1360,Research & Development,2,3,0,3,1,15,12,8,1.0
108,4735,1189,Research & Development,4,4,2,4,7,11,15,9,0.0
109,7725,1296,Research & Development,3,4,1,1,3,11,23,7,0.0
110,1904,247,Research & Development,3,3,0,3,1,0,12,0,1.0
111,2279,894,Research & Development,4,2,0,2,1,7,16,3,0.0
112,4775,1230,Research & Development,4,4,2,1,6,2,22,2,0.0
113,2436,813,Research & Development,3,4,1,1,5,4,13,4,1.0
114,4523,1368,Research & Development,4,4,3,4,0,5,11,4,0.0
115,2720,806,Research & Development,2,4,1,3,1,7,18,8,0.0
116,6472,792,Research & Development,4,4,1,3,1,8,15,8,0.0
117,5363,817,Research & Development,4,4,1,3,0,7,12,0,0.0
118,5294,305,Research & Development,3,3,1,3,3,0,16,7,0.0
119,8834,142,Sales,1,2,1,3,1,5,13,7,0.0
120,3069,170,Research & Development,3,3,1,3,0,8,15,7,0.0
121,19845,266,Sales,1,4,1,3,1,14,15,9,1.0
122,6929,218,Sales,2,4,1,2,4,7,11,7,0.0
123,2642,1396,Sales,3,3,0,3,1,0,11,0,0.0
124,2408,329,Research & Development,3,2,3,3,1,1,17,0,0.0
125,2867,157,Research & Development,3,1,0,2,0,7,13,6,0.0
126,4707,1474,Sales,4,3,0,3,8,2,12,2,1.0
127,9884,1097,Research & Development,3,1,1,3,2,0,13,3,0.0
128,19740,920,Research & Development,3,4,1,3,3,7,14,7,0.0
129,2500,134,Research & Development,3,4,0,4,0,1,14,2,0.0
130,7879,921,Research & Development,3,4,1,3,1,7,19,7,0.0
131,8938,930,Sales,3,2,1,3,2,4,11,4,0.0
132,5399,1297,Research & Development,2,3,0,3,4,2,12,3,0.0
133,6694,309,Sales,4,4,3,3,2,0,14,0,0.0
134,2394,135,Research & Development,4,3,0,3,1,2,13,7,1.0
135,3201,1451,Research & Development,1,2,0,1,0,3,17,4,0.0
136,8793,294,Research & Development,4,1,2,2,1,7,21,7,0.0
137,6334,342,Sales,4,3,2,3,4,0,19,0,0.0
138,2539,199,Research & Development,4,3,1,3,1,2,13,2,0.0
139,2793,319,Sales,1,4,1,3,4,8,17,8,0.0
140,6812,1062,Research & Development,3,1,0,3,1,9,19,8,0.0
141,18265,715,Research & Development,4,4,0,4,6,0,12,0,0.0
142,5228,676,Research & Development,3,2,1,3,0,7,15,5,0.0
143,6474,977,Research & Development,4,4,1,2,1,8,13,11,0.0
144,4035,1229,Research & Development,4,3,0,3,0,2,16,2,0.0
145,5968,1303,Research & Development,4,3,3,3,1,7,20,8,0.0
146,8686,702,Sales,1,4,0,4,4,3,22,7,0.0
147,4403,117,Sales,2,4,1,2,2,2,11,3,0.0
148,3312,634,Research & Development,2,4,2,3,3,2,17,2,0.0
149,3660,857,Research & Development,3,3,0,4,3,7,13,7,0.0
150,4739,957,Research & Development,2,3,0,3,4,2,12,2,0.0
151,8620,1246,Sales,3,3,2,3,1,7,14,4,0.0
152,3579,1465,Research & Development,4,2,1,3,0,9,21,7,0.0
153,17444,722,Sales,4,3,0,3,1,8,11,0,0.0
154,4765,177,Research & Development,1,2,1,4,4,0,21,0,0.0
155,13191,458,Research & Development,1,1,0,3,3,0,17,0,0.0
156,3452,921,Research & Development,3,1,1,3,6,4,20,3,0.0
157,6306,667,Research & Development,3,3,1,2,1,12,21,9,0.0
158,4774,1131,Research & Development,4,1,1,2,0,6,19,3,0.0
159,2148,920,Human Resources,4,2,0,3,0,1,11,4,0.0
160,2400,535,Sales,4,4,2,3,0,2,13,1,0.0
161,4449,1063,Research & Development,2,3,2,3,3,11,15,7,0.0
162,9602,558,Sales,4,3,1,2,4,0,11,0,0.0
163,5605,1395,Research & Development,2,2,1,3,1,7,11,13,0.0
164,2932,181,Research & Development,4,4,3,3,0,0,14,2,0.0
165,5160,436,Sales,3,4,0,2,4,7,16,3,1.0
166,6125,507,Sales,3,1,0,4,1,8,12,6,0.0
167,1200,812,Sales,4,3,0,3,1,0,12,0,0.0
168,16015,334,Sales,4,2,0,3,1,10,19,4,0.0
169,4768,383,Sales,1,3,1,2,7,0,12,0,0.0
170,6825,691,Sales,3,2,1,3,0,7,11,2,0.0
171,13734,313,Research & Development,4,2,0,3,3,7,18,0,0.0
172,3730,515,Research & Development,4,3,0,1,0,2,14,2,1.0
173,2936,355,Research & Development,3,3,2,2,3,3,22,3,0.0
174,11557,688,Sales,3,4,1,2,9,4,21,1,0.0
175,4148,853,Research & Development,3,1,1,3,1,3,12,3,0.0
176,2422,109,Research & Development,2,2,0,3,0,2,17,2,1.0
177,2543,329,Research & Development,4,3,1,3,4,2,13,2,0.0
178,2207,895,Research & Development,1,3,1,2,1,2,16,2,0.0
179,9957,1176,Research & Development,3,1,1,2,0,2,15,2,0.0
180,2014,890,Sales,4,4,0,3,1,2,13,2,0.0
181,10512,1429,Research & Development,4,4,0,2,6,7,12,4,0.0
182,10920,1485,Research & Development,3,3,1,3,3,4,21,5,0.0
183,3445,1054,Research & Development,3,4,0,2,1,2,11,4,0.0
184,4554,442,Sales,2,4,0,2,1,7,18,9,0.0
185,9950,988,Human Resources,2,1,3,3,9,2,15,2,1.0
186,4485,506,Research & Development,3,2,0,3,4,0,12,7,0.0
187,3204,201,Research & Development,4,1,1,3,5,2,14,2,0.0
188,6712,704,Sales,4,3,2,3,1,7,21,7,0.0
189,12808,269,Research & Development,3,4,1,3,1,8,16,8,0.0
190,9985,1001,Research & Development,3,1,1,2,8,0,16,0,0.0
191,11510,343,Research & Development,3,4,1,3,0,10,14,9,0.0
192,7644,557,Sales,1,4,2,3,0,7,19,4,0.0
193,5042,711,Research & Development,1,3,0,1,0,2,13,8,0.0
194,2791,793,Sales,3,4,1,3,0,2,12,2,0.0
195,5304,501,Sales,3,4,1,2,7,7,23,7,0.0
196,13320,1448,Sales,4,4,1,3,3,11,18,11,0.0
197,2500,650,Research & Development,2,1,1,4,1,3,14,2,0.0
198,4393,337,Sales,3,2,1,3,5,4,21,4,0.0
199,1416,1334,Research & Development,3,1,0,2,1,0,13,0,1.0
200,10748,1238,Research & Development,3,3,1,2,3,15,23,4,0.0
201,5473,1342,Sales,1,1,0,4,0,4,12,1,0.0
202,2436,1037,Research & Development,2,4,0,3,6,3,12,2,0.0
203,2356,1222,Research & Development,4,4,1,3,3,4,19,2,0.0
204,10096,377,Sales,1,4,1,4,4,7,11,3,1.0
205,2450,346,Research & Development,4,4,0,3,2,2,17,2,0.0
206,3580,1418,Research & Development,3,1,1,3,2,2,16,2,0.0
207,4615,1003,Research & Development,4,1,3,3,8,13,23,7,0.0
208,3929,140,Research & Development,3,4,1,3,8,2,23,2,0.0
209,11245,1234,Research & Development,2,3,1,3,2,8,15,13,0.0
210,19701,1055,Research & Development,4,1,1,3,3,8,21,5,0.0
211,4568,1065,Sales,2,3,0,3,0,5,20,7,0.0
212,4684,572,Sales,3,4,0,3,1,3,13,2,0.0
213,2194,664,Research & Development,2,1,1,2,4,2,13,2,0.0
214,3298,334,Research & Development,1,2,2,2,0,2,12,5,0.0
215,4230,144,Research & Development,4,3,0,3,0,4,15,3,0.0
216,2994,265,Research & Development,2,4,0,3,1,0,12,1,0.0
217,8463,866,Sales,4,1,0,3,0,4,18,3,0.0
218,10400,1045,Sales,4,4,0,2,1,8,11,8,1.0
219,5562,422,Research & Development,4,4,1,2,4,2,13,2,0.0
220,3907,506,Research & Development,2,1,3,4,1,2,13,2,0.0
221,5731,367,Research & Development,3,4,2,3,7,2,13,3,0.0
222,16413,301,Research & Development,1,2,2,3,3,2,16,2,0.0
223,6553,1261,Research & Development,4,3,0,3,9,0,14,0,0.0
224,6347,1240,Human Resources,3,4,0,1,0,9,19,7,0.0
225,2306,1436,Sales,2,3,1,1,2,7,20,5,0.0
226,4907,635,Sales,2,3,0,3,1,16,25,6,0.0
227,2083,160,Research & Development,3,3,1,3,1,0,20,0,0.0
228,5003,1125,Research & Development,4,1,0,3,1,8,21,7,0.0
229,2413,867,Sales,3,2,3,3,1,0,18,0,1.0
230,16598,447,Research & Development,4,2,0,2,4,8,12,8,0.0
231,6513,1194,Research & Development,3,4,1,3,4,3,17,3,0.0
232,5878,824,Research & Development,4,2,1,3,3,1,12,5,0.0
233,2297,1090,Sales,4,2,2,3,1,2,14,2,0.0
234,13758,481,Sales,3,1,0,2,0,9,12,14,1.0
235,2553,702,Research & Development,3,4,0,3,1,2,16,3,0.0
236,4936,1169,Human Resources,2,4,1,3,1,1,13,4,0.0
237,16064,1034,Sales,4,4,1,3,5,13,22,9,0.0
238,4978,543,Sales,3,2,1,1,7,0,11,0,0.0
239,6502,228,Sales,3,4,1,4,4,4,14,1,0.0
240,5985,1112,Human Resources,1,3,0,4,4,2,11,2,0.0
241,2029,999,Research & Development,1,3,3,3,1,4,20,0,0.0
242,5747,735,Research & Development,3,4,0,3,1,10,15,11,0.0
243,5467,1169,Research & Development,3,2,1,4,8,7,18,7,0.0
244,5253,304,Sales,2,4,0,3,1,5,16,7,0.0
245,8396,300,Sales,3,1,1,2,1,7,14,5,0.0
246,6500,1111,Sales,3,1,1,3,5,2,17,2,0.0
247,5933,625,Research & Development,4,2,0,2,9,2,12,3,0.0
248,3424,180,Research & Development,1,1,0,2,7,3,13,1,0.0
249,2960,699,Research & Development,2,1,0,3,2,2,11,3,1.0
250,19566,422,Research & Development,1,1,0,1,5,8,11,10,0.0
251,9204,601,Sales,4,4,1,2,4,3,12,3,0.0
252,9854,1475,Sales,4,3,0,3,3,0,11,2,0.0
253,4678,188,Research & Development,2,4,0,3,2,2,18,1,0.0
254,9756,176,Human Resources,3,3,2,4,4,0,21,3,0.0
255,4025,1109,Research & Development,4,3,0,3,9,7,12,7,0.0
256,16799,1147,Human Resources,3,1,1,3,0,7,14,9,0.0
257,10368,1277,Sales,3,4,1,2,4,6,12,3,0.0
258,6380,575,Sales,3,3,2,3,2,4,12,0,1.0
259,3902,835,Research & Development,4,4,3,3,8,2,14,2,0.0
260,5744,240,Sales,3,3,0,3,1,4,11,3,1.0
261,5869,469,Sales,3,3,0,3,9,2,11,4,0.0
262,2774,1127,Research & Development,2,3,1,3,0,3,12,2,0.0
263,4014,1137,Research & Development,4,4,1,1,1,6,25,7,0.0
264,8120,817,Sales,2,2,0,3,3,2,12,2,0.0
265,17399,1126,Research & Development,4,4,1,2,9,4,22,3,0.0
266,17779,685,Research & Development,4,4,0,3,3,9,14,9,0.0
267,2476,202,Sales,3,2,1,3,1,0,18,0,0.0
268,4559,542,Sales,2,3,1,3,3,2,11,2,1.0
269,5238,1162,Sales,4,3,0,2,4,0,18,0,1.0
270,10650,1150,Research & Development,1,4,0,3,2,2,15,3,1.0
271,3162,981,Research & Development,3,3,0,3,3,2,14,3,0.0
272,18740,989,Research & Development,2,3,1,2,5,3,12,8,0.0
273,2272,507,Research & Development,1,3,0,3,0,3,14,2,0.0
274,6220,548,Research & Development,2,2,2,3,1,4,17,9,0.0
275,19190,1199,Research & Development,3,1,2,2,1,9,14,13,0.0
276,2809,1322,Research & Development,3,3,0,3,2,2,14,2,0.0
277,15427,1219,Sales,1,4,0,3,2,8,16,7,0.0
278,2662,836,Research & Development,2,4,1,4,8,2,20,4,0.0
279,16835,1117,Sales,1,2,0,3,3,9,23,7,0.0
280,5666,152,Sales,3,4,0,3,1,3,13,3,0.0
281,2742,1107,Human Resources,1,3,0,3,1,2,15,2,1.0
282,8858,796,Research & Development,4,4,0,2,0,8,11,8,0.0
283,9439,334,Research & Development,3,4,1,1,3,3,16,4,0.0
284,4648,1318,Sales,4,4,0,4,8,0,13,0,0.0
285,5810,172,Research & Development,1,4,0,2,1,4,16,8,0.0
286,3485,529,Research & Development,1,3,0,1,2,0,11,0,1.0
287,3681,538,Research & Development,1,4,0,3,4,2,14,2,0.0
288,4647,1410,Sales,4,4,2,3,1,5,20,4,0.0
289,2956,359,Human Resources,4,1,0,3,0,0,17,0,0.0
290,2073,807,Human Resources,3,1,0,3,4,2,22,2,1.0
291,5562,717,Research & Development,3,2,0,3,6,7,14,9,0.0
292,2683,869,Sales,1,3,0,3,1,2,14,2,1.0
293,16792,1195,Research & Development,1,4,1,3,9,8,23,8,0.0
294,4342,829,Sales,3,4,1,3,0,2,19,1,0.0
295,16595,1276,Sales,2,1,1,3,7,16,16,8,0.0
296,2564,1116,Research & Development,3,4,0,2,0,7,14,7,0.0
297,2827,862,Sales,3,1,3,3,1,0,12,0,0.0
298,18722,692,Research & Development,3,2,0,3,8,15,11,15,0.0
299,4883,1089,Research & Development,4,3,1,3,1,4,18,1,1.0
300,10502,966,Research & Development,4,3,1,1,7,4,17,4,0.0
301,2936,1097,Research & Development,3,3,0,3,1,4,11,2,1.0
302,6322,646,Research & Development,1,4,1,2,1,4,12,5,0.0
303,4907,1382,Sales,1,3,1,2,0,3,22,4,0.0
304,2342,1038,Sales,2,4,0,2,0,2,19,2,0.0
305,2367,1404,Research & Development,3,4,1,2,5,1,12,3,0.0
306,2024,691,Research & Development,4,2,1,1,6,2,18,2,0.0
307,2799,1198,Research & Development,3,1,0,3,3,2,11,2,0.0
308,11849,666,Research & Development,1,2,1,2,1,7,12,9,1.0
309,1859,504,Research & Development,1,2,0,4,1,1,25,0,1.0
310,5163,1040,Research & Development,3,4,1,4,5,0,14,0,0.0
311,13402,1369,Research & Development,4,2,1,3,4,16,12,9,0.0
312,3591,1217,Research & Development,3,1,1,3,1,2,25,2,0.0
313,2929,678,Research & Development,2,4,0,3,1,9,12,7,0.0
314,4189,589,Sales,2,2,2,3,1,2,14,3,0.0
315,4193,153,Research & Development,4,3,0,3,0,5,12,8,0.0
316,12061,849,Research & Development,1,2,1,3,3,8,17,1,0.0
317,6781,1332,Research & Development,1,4,0,3,3,0,23,0,0.0
318,5151,867,Research & Development,1,1,1,3,1,0,25,9,0.0
319,8008,711,Research & Development,2,1,2,3,4,2,12,2,0.0
320,10739,1441,Research & Development,3,3,1,3,8,7,11,8,0.0
321,2703,1328,Research & Development,3,2,1,3,0,4,23,4,0.0
322,4294,1283,Sales,3,1,0,3,1,7,12,7,0.0
323,7642,1252,Sales,1,2,0,3,1,0,13,9,0.0
324,2966,1167,Sales,4,3,0,3,0,2,18,0,0.0
325,5915,655,Research & Development,4,4,1,2,3,7,22,7,0.0
326,6870,447,Research & Development,2,2,0,1,3,2,12,2,0.0
327,4286,306,Sales,1,1,2,3,2,1,14,0,1.0
328,17159,589,Research & Development,2,1,1,3,6,1,24,0,0.0
329,11935,986,Research & Development,2,3,0,3,1,2,18,7,0.0
330,7264,231,Sales,3,3,1,4,5,4,11,7,0.0
331,13503,530,Research & Development,3,2,1,2,1,3,22,11,0.0
332,9667,1092,Research & Development,1,3,0,3,9,7,14,2,0.0
333,4404,628,Research & Development,2,3,0,4,2,3,12,2,0.0
334,13212,906,Sales,3,1,3,2,9,7,11,7,0.0
335,6232,1372,Sales,1,3,0,2,2,2,11,2,0.0
336,6272,179,Human Resources,4,1,1,4,7,3,16,3,0.0
337,8998,967,Sales,2,4,0,3,1,8,14,7,0.0
338,5309,430,Research & Development,1,4,2,3,1,8,15,7,0.0
339,5415,147,Research & Development,2,4,1,3,3,7,19,8,0.0
340,5377,1387,Research & Development,2,1,3,3,2,7,13,7,0.0
341,10209,1193,Research & Development,2,3,0,2,5,2,18,2,0.0
342,6430,552,Human Resources,3,2,1,3,6,2,19,2,0.0
343,4621,1277,Research & Development,1,3,3,3,1,2,19,2,0.0
344,2821,1186,Research & Development,3,3,1,3,3,2,16,2,0.0
345,2973,1231,Sales,3,4,1,3,5,4,15,0,0.0
346,3886,1213,Human Resources,2,4,0,2,1,1,21,8,0.0
347,4741,496,Research & Development,1,1,1,3,1,3,13,3,0.0
348,5768,671,Research & Development,3,3,3,2,3,3,17,2,0.0
349,19202,252,Research & Development,3,4,1,3,0,0,11,7,0.0
350,4157,1443,Sales,3,4,1,2,7,2,19,0,0.0
351,8189,802,Sales,3,3,1,3,3,7,13,7,0.0
352,2552,645,Research & Development,3,1,0,3,1,1,25,0,0.0
353,10855,630,Sales,3,4,1,2,7,11,11,11,0.0
354,2544,1096,Research & Development,3,4,1,3,0,7,18,7,0.0
355,5257,559,Research & Development,3,3,1,4,1,7,11,0,0.0
356,1281,727,Research & Development,3,3,2,3,1,0,18,0,0.0
357,16856,621,Sales,3,1,0,4,1,6,11,16,0.0
358,6567,470,Research & Development,3,1,0,2,1,11,14,11,0.0
359,3500,1413,Research & Development,3,3,0,1,0,5,14,3,0.0
360,2258,313,Research & Development,4,4,1,3,7,2,20,2,0.0
361,3375,581,Research & Development,4,3,0,4,0,2,12,2,0.0
362,2322,541,Sales,3,1,1,3,3,0,13,0,0.0
363,14756,836,Research & Development,4,3,3,3,2,0,14,2,0.0
364,14275,102,Research & Development,4,4,0,3,6,9,18,8,0.0
365,5343,669,Research & Development,4,1,0,3,0,9,20,9,0.0
366,2479,289,Research & Development,4,3,0,3,4,0,24,0,1.0
367,7756,618,Research & Development,1,4,0,2,0,2,17,4,0.0
368,8474,829,Research & Development,3,3,0,3,1,8,22,8,0.0
369,3038,120,Research & Development,3,3,0,3,3,4,20,4,0.0
370,5914,1396,Research & Development,4,2,0,4,8,11,16,7,0.0
371,3968,1142,Research & Development,4,3,0,3,4,0,13,0,0.0
372,11957,1162,Research & Development,3,2,2,1,0,8,18,12,0.0
373,4327,1184,Sales,2,2,3,3,5,0,12,0,0.0
374,5674,1105,Research & Development,2,2,1,3,7,8,15,8,0.0
375,1232,391,Research & Development,3,4,0,3,1,0,14,0,0.0
376,5406,301,Sales,4,4,1,2,1,12,24,11,0.0
377,2579,204,Sales,3,3,2,3,1,2,18,6,0.0
378,5410,557,Research & Development,4,1,1,2,6,3,17,2,0.0
379,4809,665,Research & Development,1,3,0,3,1,13,14,10,0.0
380,10883,370,Research & Development,3,4,1,4,3,0,20,0,0.0
381,5204,1383,Human Resources,4,4,2,3,8,4,11,4,0.0
382,3697,549,Research & Development,4,4,2,3,9,9,14,8,0.0
383,2570,786,Research & Development,4,4,0,3,1,7,20,7,0.0
384,5380,1443,Sales,4,1,1,3,4,0,16,0,0.0
385,3479,307,Research & Development,3,2,0,4,0,4,11,4,1.0
386,6861,1035,Sales,2,4,0,3,8,0,12,0,0.0
387,3407,750,Research & Development,2,3,2,2,1,9,17,8,0.0
388,13675,1327,Research & Development,2,3,1,3,9,2,12,2,0.0
389,2659,991,Research & Development,3,4,1,3,1,2,13,2,0.0
390,5405,723,Sales,2,4,2,2,2,2,20,3,0.0
391,4627,1138,Research & Development,1,4,1,3,0,2,12,7,0.0
392,10447,796,Sales,3,3,1,4,0,14,13,5,0.0
393,8500,943,Research & Development,4,4,1,2,0,7,11,6,0.0
394,3506,735,Research & Development,3,3,0,3,0,2,14,2,0.0
395,2341,1240,Research & Development,4,1,1,3,1,0,13,0,0.0
396,12031,722,Sales,2,4,1,2,0,9,11,6,0.0
397,2587,1162,Research & Development,1,4,0,3,1,2,16,0,0.0
398,9679,1373,Research & Development,4,4,0,3,8,0,24,0,0.0
399,4821,691,Research & Development,3,4,1,3,0,2,12,3,0.0
400,3755,443,Research & Development,3,3,1,3,1,3,11,7,0.0
401,2700,1252,Research & Development,3,3,1,3,1,7,24,7,0.0
402,3055,775,Research & Development,4,2,2,2,5,8,15,7,0.0
403,7639,121,Sales,2,4,3,2,1,4,22,9,1.0
404,2362,935,Research & Development,1,1,0,4,4,2,12,2,1.0
405,2368,841,Research & Development,3,2,0,2,1,4,19,3,0.0
406,4051,163,Sales,2,4,1,3,2,7,14,7,0.0
407,4317,364,Research & Development,4,3,0,3,3,2,20,2,0.0
408,5507,335,Sales,3,2,2,1,2,2,16,3,0.0
409,1601,1243,Research & Development,3,1,2,3,1,0,21,0,1.0
410,4025,1378,Research & Development,4,2,1,3,4,3,13,3,0.0
411,13973,939,Research & Development,4,3,1,3,3,11,18,5,0.0
412,7428,1189,Sales,3,4,0,3,2,3,12,3,0.0
413,4617,771,Research & Development,2,3,0,2,1,3,12,2,0.0
414,2109,1398,Human Resources,4,2,0,3,9,2,18,2,0.0
415,7654,1184,Sales,3,4,2,4,1,8,18,7,1.0
416,4444,135,Research & Development,3,2,2,4,4,8,13,10,0.0
417,5993,1102,Sales,2,4,0,1,8,4,11,5,1.0
418,6142,970,Research & Development,2,3,0,3,3,1,11,3,0.0
419,10938,505,Research & Development,3,3,0,3,0,6,25,8,0.0
420,3919,1125,Research & Development,2,1,0,3,1,2,22,7,1.0
421,2326,889,Research & Development,2,4,3,2,1,2,12,2,0.0
422,2132,138,Research & Development,1,3,0,3,4,2,11,1,1.0
423,10333,1001,Research & Development,3,2,1,3,8,11,12,10,0.0
424,19045,452,Research & Development,4,1,0,3,0,10,14,13,0.0
425,4680,1225,Research & Development,4,4,0,3,3,0,17,0,0.0
426,4717,619,Sales,2,3,0,3,9,9,11,9,0.0
427,10673,638,Research & Development,3,1,1,2,2,9,13,5,0.0
428,2974,1082,Research & Development,4,3,1,3,9,3,17,2,0.0
429,2835,922,Research & Development,1,4,1,3,5,0,22,0,0.0
430,3162,1269,Research & Development,1,4,0,2,0,2,17,4,0.0
431,19237,1464,Research & Development,2,3,1,2,2,1,11,7,0.0
432,2332,1184,Research & Development,3,2,0,3,6,0,20,2,0.0
433,4381,121,Research & Development,3,1,0,3,1,5,11,3,0.0
434,3578,652,Research & Development,3,1,0,3,0,7,12,7,0.0
435,5376,1141,Sales,3,1,2,3,2,3,19,3,0.0
436,2367,1108,Research & Development,3,1,1,2,8,2,12,6,0.0
437,5689,1199,Research & Development,3,3,2,4,1,2,14,2,0.0
438,2684,1391,Research & Development,3,3,1,2,0,1,17,2,0.0
439,3629,1462,Research & Development,1,3,0,3,4,2,18,2,0.0
440,7632,1276,Research & Development,4,3,0,3,4,7,12,0,0.0
441,2176,128,Research & Development,4,1,0,3,4,2,13,4,0.0
442,5980,240,Research & Development,1,1,0,3,6,7,12,12,0.0
443,17068,117,Research & Development,3,1,0,3,1,9,14,10,0.0
444,2781,117,Research & Development,1,4,1,3,0,10,13,10,0.0
445,6029,511,Sales,4,4,0,3,5,2,12,2,0.0
446,5171,326,Sales,3,4,0,3,5,1,17,5,0.0
447,6201,928,Sales,2,4,1,2,1,14,14,11,0.0
448,12185,663,Research & Development,2,4,3,3,1,8,14,7,0.0
449,8161,1079,Sales,1,3,3,3,2,0,13,0,0.0
450,3310,1117,Research & Development,4,4,0,3,1,3,21,2,0.0
451,19502,1245,Research & Development,4,3,1,3,1,9,17,9,0.0
452,3622,254,Research & Development,2,4,1,3,1,5,13,3,0.0
453,4374,894,Research & Development,4,3,0,3,0,2,15,2,0.0
454,7005,1395,Research & Development,2,4,0,3,3,3,15,2,0.0
455,2655,708,Sales,4,3,2,3,2,7,11,7,0.0
456,9582,1204,Sales,4,1,0,3,0,7,22,7,1.0
457,8726,994,Sales,4,3,0,3,1,8,15,7,0.0
458,10999,1355,Research & Development,3,3,0,3,7,11,14,8,0.0
459,2238,933,Research & Development,3,1,1,3,2,0,21,4,0.0
460,3692,469,Research & Development,3,2,0,2,1,10,12,7,0.0
461,4876,1151,Research & Development,4,4,1,1,9,2,14,2,0.0
462,2587,464,Research & Development,4,1,1,2,4,2,16,2,0.0
463,4424,746,Research & Development,3,4,0,3,1,7,23,8,0.0
464,1009,1362,Research & Development,4,3,0,3,1,0,11,1,1.0
465,4213,370,Research & Development,4,1,0,1,1,3,15,8,0.0
466,3388,318,Research & Development,4,3,1,2,0,0,17,0,1.0
467,6516,369,Research & Development,2,1,1,3,2,0,16,0,0.0
468,8789,944,Sales,3,3,0,4,1,7,14,8,0.0
469,4377,1206,Research & Development,4,3,2,3,1,2,15,2,0.0
470,1223,373,Research & Development,4,3,1,3,1,0,22,1,0.0
471,5661,1476,Research & Development,2,1,0,3,0,3,19,7,0.0
472,5405,1179,Sales,1,1,0,3,8,2,14,2,0.0
473,5067,1379,Research & Development,3,3,0,4,1,10,19,7,0.0
474,19141,427,Human Resources,2,4,3,2,3,6,15,6,0.0
475,3597,477,Research & Development,4,2,0,3,8,3,22,2,0.0
476,2532,1086,Research & Development,1,4,3,3,6,3,14,3,0.0
477,10048,504,Research & Development,1,3,2,3,6,0,11,0,1.0
478,10306,737,Sales,4,1,0,3,9,12,17,0,0.0
479,3785,468,Research & Development,4,1,0,1,1,4,14,4,0.0
480,6385,135,Research & Development,3,2,2,3,3,7,14,7,0.0
481,5126,852,Research & Development,4,4,2,2,1,8,12,0,0.0
482,5538,1128,Research & Development,2,1,2,2,5,0,18,0,0.0
483,9715,441,Research & Development,3,1,1,3,3,7,13,7,0.0
484,6272,703,Sales,1,2,2,4,1,3,20,4,0.0
485,2119,318,Research & Development,2,1,0,2,1,7,11,7,1.0
486,4031,688,Research & Development,1,1,1,3,5,2,13,2,1.0
487,3306,1495,Research & Development,4,3,1,2,7,0,19,0,0.0
488,3034,1107,Research & Development,4,1,1,2,1,7,12,17,0.0
489,2342,1278,Human Resources,1,1,0,3,0,4,21,3,0.0
490,2107,906,Research & Development,1,1,1,1,6,0,17,0,1.0
491,9278,1174,Sales,1,2,0,3,3,4,16,1,0.0
492,13582,1333,Research & Development,4,1,1,3,1,12,13,11,0.0
493,13966,465,Research & Development,3,3,1,3,2,11,19,12,0.0
494,2619,362,Research & Development,3,1,0,2,3,0,17,0,0.0
495,16307,1318,Sales,1,3,1,2,2,6,14,17,0.0
496,5974,1319,Research & Development,3,1,2,3,4,7,13,7,0.0
497,2926,871,Research & Development,4,4,0,3,1,0,18,0,1.0
498,2270,974,Research & Development,4,4,2,3,3,3,14,2,0.0
499,2210,984,Research & Development,4,2,1,1,1,0,13,0,1.0
500,5577,956,Research & Development,4,1,2,3,3,9,12,9,0.0
501,10965,1261,Research & Development,2,3,0,3,8,2,24,0,0.0
502,3989,1320,Research & Development,4,3,0,3,1,4,11,2,0.0
503,4001,1375,Sales,4,3,1,3,1,14,14,7,0.0
504,1563,1423,Research & Development,1,3,1,1,1,0,14,0,0.0
505,1675,528,Sales,4,3,0,2,1,0,19,0,1.0
506,19328,734,Research & Development,3,4,1,3,7,1,17,2,0.0
507,4011,673,Research & Development,1,3,1,2,0,2,18,3,0.0
508,2773,604,Research & Development,1,3,0,3,0,2,20,2,0.0
509,3539,244,Human Resources,2,4,0,3,0,7,13,8,0.0
510,18430,570,Research & Development,2,4,1,2,1,7,13,9,0.0
511,2909,1392,Research & Development,4,3,0,3,1,7,11,0,0.0
512,5993,1115,Research & Development,1,3,1,4,1,5,18,7,0.0
513,19197,1218,Research & Development,2,3,1,3,1,8,14,6,0.0
514,4639,607,Sales,1,1,1,2,2,7,16,13,0.0
515,10496,1046,Research & Development,4,4,0,3,6,3,15,3,0.0
516,11691,213,Research & Development,3,3,0,4,0,9,11,7,0.0
517,5679,1001,Research & Development,4,3,1,3,3,7,13,7,0.0
518,4084,561,Research & Development,4,3,0,1,1,2,12,7,0.0
519,5775,1275,Research & Development,4,4,2,3,1,8,13,9,0.0
520,4581,880,Sales,4,4,0,4,3,9,24,7,0.0
521,3407,1218,Sales,3,1,0,3,7,3,23,3,1.0
522,10169,607,Research & Development,3,4,1,3,0,7,16,9,0.0
523,4440,157,Research & Development,3,1,0,3,6,2,19,4,0.0
524,2018,676,Research & Development,4,1,0,1,3,4,14,0,0.0
525,4227,1055,Research & Development,1,4,1,3,0,2,18,2,0.0
526,17665,469,Research & Development,4,1,1,3,0,6,17,7,0.0
527,4834,660,Research & Development,1,3,1,2,7,0,14,0,1.0
528,6623,1329,Research & Development,3,4,2,3,1,0,11,0,0.0
529,9434,482,Research & Development,3,3,1,3,1,7,15,8,0.0
530,1393,1259,Research & Development,4,2,0,3,1,0,12,0,0.0
531,19436,1416,Research & Development,1,3,1,3,0,7,19,9,0.0
532,19246,286,Research & Development,4,2,0,3,7,15,12,8,1.0
533,2468,594,Research & Development,3,2,1,2,4,1,14,5,0.0
534,19626,1308,Research & Development,3,3,0,4,1,7,14,9,0.0
535,7756,397,Research & Development,4,3,1,4,3,4,19,2,0.0
536,9419,1339,Sales,2,4,1,3,2,9,12,4,0.0
537,5324,118,Sales,1,1,0,3,5,2,15,2,1.0
538,5208,819,Research & Development,2,1,0,3,1,15,11,10,0.0
539,4345,979,Research & Development,3,3,1,3,0,4,12,4,0.0
540,4695,879,Research & Development,3,3,0,3,7,4,18,7,0.0
541,6735,964,Sales,1,2,0,3,6,0,15,0,0.0
542,2289,548,Research & Development,3,1,2,3,1,3,20,4,0.0
543,2670,1324,Research & Development,3,1,3,2,4,0,20,0,0.0
544,4284,1475,Research & Development,1,1,0,3,3,3,20,3,1.0
545,6388,516,Research & Development,4,3,0,3,2,0,17,0,0.0
546,4724,736,Sales,3,1,1,3,1,3,11,4,0.0
547,7094,325,Research & Development,4,3,0,3,3,7,12,7,0.0
548,10854,410,Sales,4,1,1,3,4,2,13,0,0.0
549,2028,103,Research & Development,3,3,0,3,5,2,14,3,1.0
550,3102,575,Research & Development,3,1,0,3,0,4,22,4,1.0
551,6932,1188,Sales,4,3,1,2,1,8,13,0,0.0
552,10932,1094,Sales,3,1,1,3,3,0,15,1,0.0
553,2811,1134,Research & Development,3,2,1,3,9,2,14,2,0.0
554,18172,1115,Research & Development,1,2,0,2,3,3,19,7,0.0
555,5470,977,Research & Development,4,2,2,2,0,5,13,6,0.0
556,13610,1277,Research & Development,2,3,0,4,7,6,12,7,1.0
557,10527,1034,Research & Development,1,3,0,2,5,2,11,2,0.0
558,2313,1017,Research & Development,1,2,0,3,4,2,20,2,1.0
559,13664,397,Research & Development,1,3,0,4,4,2,13,2,0.0
560,2073,977,Research & Development,4,3,1,3,2,2,16,2,0.0
561,4306,775,Sales,1,3,2,3,5,0,12,0,0.0
562,3977,977,Research & Development,4,3,1,2,6,2,19,2,0.0
563,19517,854,Sales,4,4,1,2,3,0,11,6,0.0
564,9924,1245,Sales,3,2,1,3,0,8,11,7,0.0
565,10008,601,Research & Development,3,1,0,2,7,9,14,9,1.0
566,2218,329,Research & Development,4,1,1,3,1,2,12,2,0.0
567,2007,921,Research & Development,1,3,2,3,1,3,13,3,0.0
568,2285,464,Research & Development,3,4,0,3,9,0,23,0,1.0
569,2339,310,Research & Development,4,3,1,1,8,9,11,8,0.0
570,4373,430,Sales,4,1,2,3,0,3,14,3,0.0
571,8926,261,Research & Development,4,2,1,4,4,7,22,7,0.0
572,11904,1089,Sales,2,4,1,1,3,4,14,4,0.0
573,13496,1385,Research & Development,3,4,0,3,0,7,14,10,0.0
574,3812,574,Research & Development,4,4,0,4,1,8,13,10,0.0
575,10422,801,Sales,3,4,2,3,1,10,19,7,0.0
576,10552,1272,Research & Development,3,2,1,3,2,0,13,4,0.0
577,2713,440,Research & Development,3,4,1,1,1,2,11,2,0.0
578,6578,852,Sales,3,3,1,3,1,3,18,4,0.0
579,5772,1211,Sales,1,4,0,3,4,6,21,8,0.0
580,2302,1060,Sales,4,2,0,4,1,2,11,2,1.0
581,1261,202,Research & Development,1,2,0,4,1,0,12,0,1.0
582,2323,1256,Research & Development,3,4,2,3,1,2,24,2,0.0
583,2935,1123,Research & Development,4,4,2,2,1,0,13,0,0.0
584,3419,852,Research & Development,2,1,1,4,9,1,14,0,0.0
585,2455,185,Research & Development,3,4,0,3,0,7,19,7,0.0
586,2022,130,Research & Development,4,2,1,2,1,2,19,8,1.0
587,10266,1499,Sales,3,1,0,4,4,13,19,11,0.0
588,4538,131,Sales,3,1,0,3,0,2,12,2,0.0
589,2404,1122,Research & Development,4,1,0,1,7,2,21,2,1.0
590,8740,770,Sales,3,3,2,3,0,7,14,7,0.0
591,3067,1154,Sales,1,3,1,3,0,2,19,2,0.0
592,7510,574,Research & Development,1,3,1,3,1,9,17,9,0.0
593,3408,587,Research & Development,1,4,3,3,7,3,13,3,1.0
594,4487,891,Sales,2,4,0,3,1,4,11,3,0.0
595,6651,1495,Research & Development,1,3,1,2,2,2,14,2,0.0
596,2008,1313,Research & Development,2,3,3,2,1,1,12,0,0.0
597,2177,788,Human Resources,2,2,0,3,1,3,16,4,0.0
598,14336,982,Research & Development,1,2,1,3,1,10,11,9,0.0
599,17007,829,Research & Development,2,1,2,2,7,8,14,9,0.0
600,6142,670,Research & Development,1,3,0,3,3,2,16,4,0.0
601,2220,1333,Sales,3,3,1,3,1,1,19,0,0.0
602,3505,310,Research & Development,1,3,0,3,1,2,18,2,0.0
603,2782,571,Research & Development,4,1,2,2,0,3,13,3,0.0
604,2572,384,Sales,1,4,1,2,1,2,16,2,0.0
605,10325,530,Sales,3,4,1,3,1,7,11,7,1.0
606,2904,1309,Research & Development,3,4,2,2,1,2,12,2,0.0
607,6180,883,Sales,3,4,0,2,1,5,23,4,0.0
608,19833,611,Sales,2,2,0,2,1,8,14,8,0.0
609,2089,1344,Research & Development,4,4,3,4,4,4,14,2,0.0
610,2778,1085,Research & Development,2,4,1,2,4,7,13,0,1.0
611,4950,1356,Sales,3,4,0,3,0,3,14,1,0.0
612,2972,479,Research & Development,1,4,0,1,1,0,13,0,0.0
613,16555,1490,Research & Development,4,4,0,1,2,2,13,4,0.0
614,9699,541,Sales,1,4,1,3,4,9,11,12,0.0
615,5906,556,Research & Development,2,4,2,2,0,8,13,8,0.0
616,2561,289,Research & Development,3,1,0,2,7,0,11,0,0.0
617,5472,1066,Research & Development,4,4,0,3,1,7,12,3,0.0
618,2942,1240,Research & Development,1,3,1,3,2,4,19,3,0.0
619,3815,878,Research & Development,4,3,1,4,1,3,17,0,0.0
620,2899,395,Sales,2,2,1,3,0,2,19,2,0.0
621,3210,1403,Research & Development,4,4,1,3,0,13,11,11,0.0
622,4108,116,Research & Development,1,4,0,3,7,7,13,7,0.0
623,3955,192,Research & Development,1,1,2,3,1,3,16,3,0.0
624,2438,343,Research & Development,1,3,0,2,4,2,13,2,0.0
625,2647,571,Research & Development,4,4,0,4,1,2,13,4,0.0
626,7336,408,Sales,4,1,1,1,1,8,13,10,1.0
627,3058,1157,Research & Development,3,2,1,2,0,2,16,1,0.0
628,1359,667,Sales,2,3,0,3,1,0,12,0,1.0
629,6804,775,Sales,4,4,1,3,3,2,18,2,0.0
630,5154,589,Sales,3,3,2,4,4,7,22,7,0.0
631,7587,1434,Sales,1,1,0,3,1,7,15,9,0.0
632,2387,329,Research & Development,2,2,1,3,3,2,22,3,0.0
633,2523,594,Research & Development,3,4,1,3,0,1,14,1,0.0
634,4420,1384,Research & Development,1,4,1,3,1,7,22,7,0.0
635,7143,1232,Research & Development,3,4,0,2,1,9,14,10,0.0
636,2706,280,Human Resources,3,4,1,3,1,2,15,2,0.0
637,8446,1030,Sales,2,2,0,2,9,7,19,7,1.0
638,2070,1158,Research & Development,4,4,1,2,1,2,23,4,0.0
639,2996,1439,Research & Development,3,3,0,3,7,4,15,3,0.0
640,6815,884,Sales,2,3,0,3,6,0,13,0,0.0
641,1555,240,Human Resources,4,3,1,3,1,0,11,0,0.0
642,2782,642,Research & Development,4,4,1,3,3,3,22,0,0.0
643,2660,1490,Research & Development,4,3,1,3,7,2,11,2,0.0
644,2571,884,Research & Development,3,4,1,3,4,2,17,3,0.0
645,4272,188,Research & Development,2,4,0,3,4,0,19,0,0.0
646,2290,111,Research & Development,4,3,0,3,2,0,13,0,0.0
647,1052,1144,Sales,4,2,0,3,1,0,22,0,0.0
648,3838,1099,Research & Development,1,2,0,3,8,4,11,2,0.0
649,6833,1332,Research & Development,3,1,0,2,1,5,12,1,0.0
650,4723,1370,Research & Development,2,1,0,3,1,9,18,5,0.0
651,1102,303,Research & Development,2,4,0,2,1,0,22,0,1.0
652,2090,1373,Research & Development,4,3,0,3,6,0,15,0,1.0
653,2274,252,Research & Development,2,3,0,3,1,0,14,0,0.0
654,2380,804,Research & Development,1,4,0,3,4,0,18,0,0.0
655,7484,1456,Research & Development,1,1,0,2,3,12,20,8,0.0
656,2372,603,Research & Development,2,2,0,3,6,0,16,0,0.0
657,5010,1093,Sales,2,3,0,3,1,8,16,7,0.0
658,4668,689,Sales,4,4,3,4,0,7,17,7,0.0
659,2956,827,Research & Development,4,1,0,3,1,0,13,0,0.0
660,2074,104,Research & Development,1,1,1,3,1,0,12,0,0.0
661,8380,536,Sales,4,3,2,3,0,8,14,8,0.0
662,4163,955,Sales,4,4,0,3,1,0,17,7,0.0
663,3477,741,Research & Development,2,3,1,4,1,2,14,3,0.0
664,2600,1097,Research & Development,4,1,0,3,1,0,15,0,1.0
665,2546,408,Research & Development,3,2,0,4,5,2,16,1,1.0
666,4968,1182,Sales,4,4,1,3,1,2,11,2,0.0
667,2201,1283,Research & Development,4,4,0,3,9,2,16,2,0.0
668,4577,693,Sales,1,3,0,3,9,2,14,0,1.0
669,3931,1401,Sales,3,2,1,3,2,3,11,2,0.0
670,6674,1476,Research & Development,3,4,3,3,0,8,11,5,0.0
671,2580,591,Research & Development,4,4,0,2,2,2,13,2,0.0
672,11996,1315,Research & Development,2,2,1,2,7,7,18,2,0.0
673,5121,167,Research & Development,2,1,1,3,3,0,14,0,0.0
674,8847,913,Research & Development,2,2,1,3,2,2,11,2,0.0
675,19999,699,Research & Development,3,3,1,3,0,18,14,9,0.0
676,4440,1321,Sales,4,2,2,3,0,13,15,8,0.0
677,4425,138,Research & Development,2,2,0,3,5,2,11,2,0.0
678,6465,1459,Research & Development,4,4,0,4,2,2,13,3,0.0
679,16606,228,Sales,3,2,1,4,8,12,12,1,0.0
680,4171,617,Research & Development,2,3,1,4,0,2,19,2,1.0
681,2342,804,Research & Development,4,4,0,2,0,2,20,3,0.0
682,8224,603,Sales,1,1,0,3,0,2,17,3,1.0
683,18200,1246,Human Resources,1,2,1,3,1,5,11,7,0.0
684,17856,1421,Research & Development,4,1,1,3,2,2,22,2,0.0
685,6755,593,Research & Development,4,3,0,3,2,2,11,2,0.0
686,13744,161,Research & Development,3,4,1,3,1,11,25,8,0.0
687,4614,662,Sales,4,3,1,2,0,2,18,2,1.0
688,13570,582,Research & Development,1,2,1,3,0,7,23,10,0.0
689,11916,634,Research & Development,2,1,2,3,1,1,23,8,0.0
690,9525,1278,Sales,3,4,2,2,1,3,14,3,0.0
691,5460,525,Sales,1,4,2,4,4,7,22,7,0.0
692,19068,771,Sales,1,3,0,4,1,7,18,12,0.0
693,8346,1003,Sales,1,3,1,3,1,2,19,2,0.0
694,6949,1069,Research & Development,2,4,0,3,0,0,14,4,0.0
695,19049,1313,Research & Development,2,4,1,2,0,7,14,10,0.0
696,6146,750,Sales,3,2,1,4,0,7,13,7,0.0
697,5429,285,Research & Development,2,3,2,3,4,7,13,7,0.0
698,1569,544,Sales,2,4,0,4,1,0,12,0,0.0
699,2075,432,Research & Development,4,4,2,3,3,2,23,3,0.0
700,19144,797,Research & Development,1,2,2,2,3,4,14,6,0.0
701,3180,410,Research & Development,4,2,3,3,0,2,13,2,0.0
702,18789,168,Sales,4,2,1,3,2,4,14,8,0.0
703,2451,217,Research & Development,2,1,1,2,1,3,15,1,0.0
704,7918,1413,Sales,2,4,1,3,1,10,14,1,0.0
705,2328,1136,Research & Development,4,2,1,2,1,2,16,2,0.0
706,4850,374,Sales,4,3,0,3,8,3,15,1,0.0
707,2187,309,Human Resources,3,2,0,3,4,0,14,2,0.0
708,17048,1402,Sales,3,1,0,3,8,15,23,9,0.0
709,2690,1349,Research & Development,3,4,1,2,1,0,18,1,0.0
710,7988,332,Human Resources,2,1,0,2,1,9,13,9,0.0
711,17567,563,Sales,4,1,0,1,1,0,15,12,0.0
712,2406,653,Research & Development,4,4,0,3,1,3,11,9,0.0
713,2451,465,Research & Development,1,3,1,3,4,8,12,8,0.0
714,2863,1337,Human Resources,1,2,0,3,1,0,12,0,0.0
715,3975,663,Research & Development,3,3,2,4,3,7,11,7,0.0
716,4285,674,Research & Development,1,4,0,3,1,8,17,7,0.0
717,5736,1251,Sales,1,3,1,3,6,2,19,2,0.0
718,9852,587,Sales,4,3,1,2,1,8,19,6,0.0
719,7083,971,Sales,4,3,0,3,1,9,14,6,0.0
720,9208,809,Sales,3,4,0,3,4,2,11,1,0.0
721,14026,770,Human Resources,3,2,1,3,1,9,11,10,0.0
722,8943,798,Research & Development,3,3,1,3,1,9,24,9,0.0
723,2348,194,Research & Development,2,2,1,1,8,9,18,15,0.0
724,4258,715,Research & Development,4,4,1,3,0,3,18,2,0.0
725,10312,147,Research & Development,4,4,1,2,1,10,12,6,1.0
726,2657,1005,Research & Development,4,1,0,3,5,2,11,4,1.0
727,8376,1089,Research & Development,2,2,0,3,4,0,18,2,0.0
728,6644,1210,Sales,1,2,2,3,2,0,19,0,0.0
729,10248,477,Research & Development,1,4,1,3,3,6,14,17,0.0
730,6499,1195,Research & Development,2,2,0,3,1,5,13,3,0.0
731,4599,790,Sales,1,2,0,4,0,9,23,10,0.0
732,5238,163,Research & Development,4,4,0,2,2,4,20,4,0.0
733,2657,408,Research & Development,3,2,0,3,0,2,16,2,0.0
734,2070,984,Research & Development,4,2,0,4,1,2,11,2,0.0
735,9738,1467,Sales,2,4,1,3,0,7,14,8,0.0
736,4898,685,Research & Development,1,3,2,3,0,2,12,2,0.0
737,5258,1144,Research & Development,3,3,0,4,2,0,14,0,0.0
738,3983,738,Research & Development,2,4,0,3,0,2,17,2,0.0
739,3161,920,Research & Development,4,3,1,1,3,0,22,0,1.0
740,5296,933,Sales,3,3,1,3,1,7,17,7,0.0
741,16756,444,Research & Development,3,1,0,4,7,7,15,2,0.0
742,12936,1093,Sales,3,3,0,1,7,5,11,10,0.0
743,1951,464,Research & Development,3,4,1,3,1,0,12,0,0.0
744,4787,1092,Research & Development,1,4,3,4,9,2,14,2,0.0
745,7553,337,Research & Development,3,4,0,3,0,7,12,7,1.0
746,9713,1480,Sales,3,4,3,3,2,3,13,0,0.0
747,6725,498,Research & Development,3,1,1,4,1,7,12,3,0.0
748,3140,1356,Sales,2,2,0,2,1,3,22,2,1.0
749,4382,890,Research & Development,3,3,0,2,6,2,17,1,1.0
750,4249,482,Research & Development,3,3,0,3,1,6,11,1,0.0
751,8853,995,Research & Development,1,4,1,4,1,4,19,3,0.0
752,2154,791,Research & Development,4,3,0,2,0,2,11,2,0.0
753,6434,1199,Research & Development,1,3,1,3,4,2,17,2,0.0
754,4434,933,Research & Development,2,2,1,2,1,8,13,8,0.0
755,4649,746,Sales,4,3,1,2,1,3,14,2,0.0
756,2875,583,Research & Development,3,4,0,2,1,5,20,2,0.0
757,7637,1435,Sales,1,1,0,2,7,16,11,9,0.0
758,2911,670,Research & Development,1,3,1,2,1,2,17,3,0.0
759,1514,1431,Research & Development,2,3,0,1,1,0,16,0,0.0
760,7969,319,Research & Development,4,3,0,3,2,4,14,4,0.0
761,5033,170,Research & Development,2,1,1,3,2,0,15,2,0.0
762,8823,330,Research & Development,3,3,1,2,0,9,18,9,0.0
763,2720,1427,Research & Development,2,4,0,3,0,3,13,2,0.0
764,12169,203,Research & Development,1,4,3,3,7,7,11,5,1.0
765,4930,146,Research & Development,1,4,0,4,0,4,14,4,0.0
766,8606,1029,Research & Development,4,2,0,1,1,8,19,3,0.0
767,2979,697,Research & Development,3,4,3,3,3,0,17,0,0.0
768,4448,750,Research & Development,2,1,1,3,2,4,12,7,0.0
769,5770,1329,Research & Development,4,4,2,3,1,7,19,9,0.0
770,6439,492,Sales,3,3,1,3,8,7,14,7,0.0
771,3072,1411,Research & Development,3,1,2,2,2,0,16,0,0.0
772,2013,311,Research & Development,1,2,0,3,2,3,11,3,0.0
773,18880,300,Research & Development,1,3,0,2,5,6,11,14,0.0
774,2340,471,Research & Development,3,4,0,1,1,0,18,0,1.0
775,4877,580,Research & Development,2,1,1,2,0,3,21,0,0.0
776,2515,1271,Research & Development,2,4,0,3,5,1,14,2,0.0
777,19189,314,Human Resources,4,3,1,3,1,7,12,10,0.0
778,5301,1358,Sales,4,3,2,2,8,1,15,2,0.0
779,3072,111,Research & Development,3,1,2,3,1,9,11,10,0.0
780,2121,419,Sales,4,2,0,4,1,0,13,0,1.0
781,4320,575,Research & Development,4,2,0,3,1,3,13,2,0.0
782,2318,618,Research & Development,2,3,0,3,1,1,19,0,0.0
783,10609,119,Sales,1,3,2,2,0,10,12,13,0.0
784,5079,1229,Sales,1,4,2,3,4,7,13,7,0.0
785,3702,1153,Research & Development,4,3,1,3,1,4,11,4,0.0
786,4200,1033,Research & Development,1,1,0,4,7,4,22,4,1.0
787,5902,1329,Sales,4,3,1,4,4,11,14,9,0.0
788,3348,1076,Research & Development,1,1,0,3,1,8,11,7,1.0
789,4810,1485,Research & Development,3,3,1,2,2,7,14,8,0.0
790,9071,1125,Sales,3,4,1,3,2,2,19,2,0.0
791,4721,263,Research & Development,4,1,0,3,2,13,13,17,0.0
792,2380,501,Sales,3,1,0,3,1,2,11,2,0.0
793,6389,141,Human Resources,3,2,1,1,9,3,15,6,0.0
794,5743,602,Human Resources,1,4,0,3,4,7,11,2,0.0
795,5304,1362,Sales,1,4,0,2,8,2,13,4,1.0
796,11994,419,Research & Development,1,2,0,3,0,6,11,11,0.0
797,13341,119,Sales,2,1,0,3,0,8,12,10,0.0
798,8268,144,Sales,4,2,2,3,1,7,14,7,0.0
799,3564,290,Research & Development,2,1,1,2,1,7,12,7,0.0
800,2269,1229,Research & Development,4,4,0,3,1,0,19,1,0.0
801,9396,644,Research & Development,4,1,1,3,7,2,16,3,0.0
802,6397,719,Sales,2,3,0,3,4,4,12,3,1.0
803,3761,1012,Research & Development,2,4,1,2,9,4,12,3,0.0
804,2514,1107,Research & Development,3,4,1,3,4,5,22,7,0.0
805,3221,1207,Research & Development,4,3,3,3,1,8,11,8,0.0
806,5714,1400,Sales,2,3,0,2,1,5,20,3,0.0
807,6179,330,Research & Development,4,3,2,2,1,2,15,7,1.0
808,4240,277,Research & Development,1,3,0,3,2,2,13,2,0.0
809,5332,715,Sales,4,1,0,3,7,2,13,3,0.0
810,15379,809,Research & Development,3,3,0,3,4,7,14,0,0.0
811,4522,1473,Research & Development,3,3,0,3,4,2,14,2,0.0
812,5337,258,Sales,4,4,0,3,1,7,12,7,0.0
813,5220,696,Sales,2,4,1,3,0,7,18,9,0.0
814,2950,258,Research & Development,3,1,0,1,9,4,13,4,0.0
815,2889,1280,Research & Development,4,4,2,3,1,2,11,1,0.0
816,18947,705,Sales,2,1,0,2,3,2,12,1,0.0
817,2033,830,Sales,4,2,1,3,1,0,13,0,0.0
818,3760,1010,Research & Development,1,4,3,3,1,2,15,2,0.0
819,9355,143,Sales,1,2,0,3,1,7,18,7,1.0
820,2654,192,Research & Development,1,4,2,2,3,2,21,2,0.0
821,4779,855,Sales,4,1,2,3,7,2,14,2,0.0
822,4539,1146,Sales,2,3,1,2,1,7,12,1,0.0
823,3600,147,Human Resources,2,3,1,3,1,4,13,4,0.0
824,3673,748,Research & Development,1,4,0,3,1,9,13,8,0.0
825,10231,531,Sales,4,4,0,4,3,7,14,17,0.0
826,12742,466,Research & Development,4,4,1,3,1,6,16,8,0.0
827,2232,1431,Research & Development,3,3,3,3,7,2,14,2,0.0
828,10377,1212,Sales,3,4,1,2,4,2,11,12,0.0
829,7945,448,Research & Development,3,4,0,2,6,2,15,3,0.0
830,2373,1449,Research & Development,1,2,1,3,2,2,13,2,1.0
831,10435,884,Research & Development,1,3,2,3,1,15,13,12,0.0
832,4936,1178,Sales,3,4,1,2,4,7,11,7,0.0
833,7441,538,Research & Development,1,2,3,3,1,8,12,7,0.0
834,6377,1202,Research & Development,2,3,3,3,5,11,20,8,0.0
835,6209,604,Sales,3,4,2,4,1,7,15,8,0.0
836,2377,995,Research & Development,3,3,1,3,5,2,18,2,0.0
837,9637,1125,Sales,1,1,2,3,2,2,14,2,0.0
838,15787,1216,Research & Development,1,3,0,3,2,2,14,2,0.0
839,18041,1398,Sales,3,3,0,3,0,15,14,12,0.0
840,5210,1249,Research & Development,1,1,1,3,1,9,18,11,0.0
841,19513,1315,Research & Development,4,4,1,4,4,2,12,1,0.0
842,16880,1322,Research & Development,4,1,0,3,4,2,11,2,0.0
843,3633,248,Research & Development,4,1,1,3,1,8,15,8,0.0
844,9069,853,Sales,2,1,1,2,1,8,22,8,0.0
845,7898,855,Research & Development,4,4,0,3,1,9,11,8,0.0
846,3319,1300,Research & Development,1,4,2,3,1,8,17,7,0.0
847,2696,544,Human Resources,3,3,1,3,0,2,11,0,0.0
848,17174,117,Research & Development,4,4,1,3,3,17,11,7,0.0
849,3230,996,Research & Development,4,3,0,4,1,2,17,0,0.0
850,3057,268,Research & Development,4,3,1,1,6,0,13,1,0.0
851,4014,1142,Research & Development,3,1,1,3,3,2,15,2,0.0
852,3464,1157,Research & Development,1,4,0,2,5,2,13,2,1.0
853,1790,638,Sales,4,1,1,2,1,0,19,0,0.0
854,14852,1376,Sales,3,3,1,4,6,13,13,2,0.0
855,9362,200,Research & Development,3,4,0,3,2,2,11,2,0.0
856,2088,1480,Research & Development,4,2,0,2,4,7,12,2,0.0
857,10096,1223,Research & Development,3,3,3,3,1,14,13,8,0.0
858,13726,715,Research & Development,3,4,0,3,3,3,13,3,0.0
859,5505,392,Sales,4,4,2,3,1,2,14,4,0.0
860,3377,616,Research & Development,3,1,1,2,4,3,17,2,0.0
861,5769,1015,Research & Development,3,1,0,3,1,7,14,4,0.0
862,2439,529,Research & Development,4,1,0,3,1,2,14,2,0.0
863,13120,174,Sales,4,2,1,3,6,8,17,3,0.0
864,3038,132,Research & Development,2,4,0,3,3,0,12,0,0.0
865,2275,427,Sales,3,4,1,3,1,2,21,2,0.0
866,4968,1312,Research & Development,4,1,0,3,0,7,16,7,0.0
867,14814,970,Research & Development,3,3,0,3,3,1,19,3,0.0
868,11836,868,Sales,1,4,1,3,5,0,14,2,0.0
869,16291,350,Sales,2,2,1,2,4,9,22,14,0.0
870,3195,528,Human Resources,3,4,3,3,4,2,18,2,0.0
871,3936,1470,Research & Development,2,2,1,1,1,4,11,7,0.0
872,7446,1445,Research & Development,3,2,0,3,1,8,11,7,1.0
873,2307,967,Research & Development,4,1,1,3,1,2,23,0,0.0
874,9980,1389,Research & Development,2,1,1,3,1,9,11,8,0.0
875,2977,287,Research & Development,3,4,1,3,1,3,12,1,0.0
876,2042,342,Research & Development,1,1,1,3,6,2,14,2,1.0
877,2044,500,Sales,3,3,0,2,1,2,13,2,1.0
878,6582,828,Sales,2,4,0,4,4,5,13,5,0.0
879,2277,1075,Human Resources,4,2,1,4,3,3,11,3,0.0
880,3229,949,Research & Development,1,4,1,2,4,2,11,2,0.0
881,8621,1442,Research & Development,4,2,0,4,1,7,14,7,0.0
882,9610,371,Sales,4,3,1,1,3,3,13,2,0.0
883,13458,515,Research & Development,1,4,0,3,1,14,12,12,0.0
884,9380,1448,Research & Development,2,4,2,4,4,1,18,2,0.0
885,4422,902,Research & Development,3,4,1,1,3,1,13,0,0.0
886,9936,325,Research & Development,2,1,0,3,0,4,19,7,0.0
887,2244,253,Research & Development,1,2,1,3,1,1,13,2,0.0
888,6673,1180,Research & Development,2,1,0,3,7,0,19,0,1.0
889,5098,1395,Research & Development,2,3,0,3,1,7,19,8,0.0
890,16627,782,Research & Development,2,4,1,2,4,0,14,0,0.0
891,2451,598,Research & Development,3,3,2,2,6,0,18,0,0.0
892,12504,530,Sales,1,3,1,1,3,0,21,0,0.0
893,1051,287,Research & Development,2,4,0,3,1,0,15,0,0.0
894,6842,1040,Research & Development,4,1,1,3,6,4,20,4,0.0
895,8095,1296,Research & Development,3,2,0,3,0,6,13,13,0.0
896,3867,193,Research & Development,4,4,1,3,1,2,12,2,0.0
897,3295,160,Research & Development,3,2,0,1,1,2,13,2,0.0
898,2062,592,Research & Development,4,1,0,3,3,2,14,2,0.0
899,15402,1236,Research & Development,4,1,1,1,7,2,11,2,0.0
900,2335,350,Human Resources,1,1,3,3,4,2,15,0,0.0
901,19033,989,Research & Development,4,3,1,3,1,8,14,9,0.0
902,4788,219,Research & Development,4,2,0,3,0,2,11,2,0.0
903,2305,390,Research & Development,4,3,3,4,1,2,15,2,0.0
904,17426,584,Research & Development,2,3,1,3,3,8,25,7,0.0
905,4194,141,Sales,3,1,0,3,1,3,18,3,0.0
906,3339,806,Research & Development,2,3,2,3,3,7,13,7,1.0
907,10976,1091,Research & Development,4,2,1,3,3,2,18,2,0.0
908,5813,303,Sales,3,4,0,3,1,7,18,7,0.0
909,10648,1274,Research & Development,3,2,1,4,1,8,25,8,0.0
910,5677,444,Sales,2,2,1,3,3,8,14,10,0.0
911,2858,1404,Sales,1,1,0,2,4,0,14,0,0.0
912,4941,216,Research & Development,2,2,2,3,6,2,20,1,0.0
913,5131,688,Research & Development,4,2,3,3,7,2,13,2,0.0
914,6893,1009,Sales,2,1,1,3,3,7,15,7,0.0
915,4257,713,Research & Development,3,1,1,3,4,2,18,2,0.0
916,5473,1225,Sales,1,3,0,2,7,3,11,3,0.0
917,5207,589,Research & Development,2,3,1,3,1,14,12,7,0.0
918,2478,1220,Research & Development,3,2,0,2,1,3,12,2,0.0
919,7823,882,Sales,4,4,1,3,6,9,13,8,0.0
920,4898,467,Sales,3,1,0,3,0,2,14,3,0.0
921,2362,224,Research & Development,1,1,0,1,6,7,13,7,0.0
922,2008,546,Research & Development,2,2,2,3,1,0,14,0,0.0
923,19613,1059,Research & Development,4,4,0,3,8,0,22,1,0.0
924,6545,916,Research & Development,4,1,0,3,3,2,13,2,0.0
925,8578,706,Research & Development,4,4,1,2,3,8,14,7,0.0
926,4505,1031,Research & Development,3,2,1,3,6,0,15,0,0.0
927,8392,645,Sales,2,1,1,3,1,7,16,7,0.0
928,2741,426,Human Resources,2,3,1,2,0,7,11,0,1.0
929,3065,976,Research & Development,3,1,1,4,1,2,13,3,0.0
930,2679,337,Sales,2,2,0,3,1,0,13,0,0.0
931,2610,874,Research & Development,3,3,1,2,1,2,12,2,1.0
932,2564,489,Human Resources,1,4,0,4,1,0,12,0,1.0
933,5175,638,Research & Development,3,3,1,2,5,3,12,3,0.0
934,6347,145,Sales,4,3,1,3,0,7,12,13,0.0
935,7779,217,Research & Development,1,4,0,3,2,9,20,9,0.0
936,18213,1099,Sales,2,2,1,3,7,9,11,10,0.0
937,4851,810,Sales,4,2,1,3,0,2,22,2,0.0
938,3452,461,Research & Development,2,4,0,3,3,2,18,2,0.0
939,2235,1103,Research & Development,1,1,2,2,1,7,14,8,0.0
940,5056,718,Research & Development,2,4,1,2,1,7,15,2,0.0
941,3690,328,Research & Development,3,3,1,2,2,2,15,2,0.0
942,2096,266,Research & Development,4,2,0,2,1,2,18,1,0.0
943,4323,528,Human Resources,3,3,0,1,1,4,17,4,0.0
944,4639,118,Sales,4,1,1,3,1,4,15,2,0.0
945,2851,350,Sales,4,3,0,3,1,0,13,0,1.0
946,5476,1112,Sales,1,4,2,3,1,0,11,2,0.0
947,14118,210,Sales,1,4,1,2,3,0,12,0,0.0
948,2086,895,Sales,4,4,1,4,3,0,14,0,1.0
949,3172,381,Research & Development,2,1,0,2,2,0,11,0,0.0
950,3143,867,Research & Development,4,1,1,3,6,8,19,6,0.0
951,2323,769,Sales,4,4,0,3,1,2,14,2,1.0
952,5660,390,Research & Development,4,3,1,3,2,3,13,2,0.0
953,2856,1172,Sales,2,2,1,3,1,0,19,0,0.0
954,13206,201,Research & Development,2,3,1,3,3,16,12,11,0.0
955,5482,1302,Research & Development,4,2,1,3,5,1,18,2,0.0
956,16184,922,Research & Development,1,3,1,3,4,1,19,5,0.0
957,4187,991,Sales,1,2,1,2,1,0,13,9,0.0
958,2862,793,Research & Development,2,4,1,2,1,0,12,8,0.0
959,7351,130,Sales,4,2,0,3,7,0,16,0,0.0
960,4127,766,Sales,3,4,1,3,2,1,18,2,0.0
961,13603,728,Research & Development,1,4,2,3,2,2,18,2,0.0
962,3022,408,Research & Development,2,2,0,3,4,0,21,0,0.0
963,2707,465,Research & Development,1,1,0,4,7,7,20,7,1.0
964,4534,524,Research & Development,1,3,0,3,0,7,11,7,0.0
965,3894,1368,Research & Development,3,3,0,3,5,2,16,2,1.0
966,2180,600,Human Resources,3,4,1,2,6,2,11,2,0.0
967,6834,783,Sales,3,4,1,3,1,7,12,7,0.0
968,3149,1325,Research & Development,4,3,1,3,8,2,20,4,0.0
969,10322,1492,Research & Development,1,4,1,3,4,10,20,1,0.0
970,4401,581,Research & Development,3,3,1,3,1,3,16,4,0.0
971,4601,1219,Sales,3,3,0,3,1,2,16,0,0.0
972,3294,1454,Sales,4,4,0,2,1,2,18,2,0.0
973,17328,142,Human Resources,4,4,0,3,2,3,12,4,0.0
974,2644,1157,Sales,3,4,0,2,3,2,21,2,0.0
975,6323,692,Research & Development,4,3,1,4,1,9,11,4,0.0
976,2795,374,Research & Development,1,4,0,1,1,0,24,1,1.0
977,4319,1496,Research & Development,4,3,1,3,1,7,13,9,0.0
978,6799,810,Sales,2,3,2,3,1,8,21,8,0.0
979,2080,640,Research & Development,4,1,0,2,2,2,11,2,0.0
980,4071,1239,Human Resources,3,2,0,2,2,0,13,7,0.0
981,2519,938,Research & Development,3,3,0,3,4,8,21,9,0.0
982,2783,1141,Sales,3,3,0,3,1,2,19,2,0.0
983,4490,648,Human Resources,3,2,2,4,4,9,11,8,0.0
984,19392,823,Research & Development,1,3,0,3,7,12,13,14,0.0
985,19272,672,Research & Development,3,4,1,3,1,9,15,3,0.0
986,6667,1146,Research & Development,3,4,1,3,5,1,18,2,0.0
987,4963,441,Research & Development,2,2,3,3,9,4,18,3,1.0
988,2011,1117,Research & Development,1,4,1,3,1,5,13,7,0.0
989,7403,527,Research & Development,1,2,1,2,4,9,11,7,0.0
990,2759,933,Research & Development,3,3,0,3,6,2,12,2,1.0
991,4115,1329,Sales,3,1,3,3,8,3,19,3,0.0
992,5673,1266,Sales,2,3,1,3,1,9,13,7,0.0
993,13757,218,Research & Development,4,2,1,3,2,8,11,8,0.0
994,6384,726,Research & Development,4,3,2,3,8,0,17,6,0.0
995,3708,381,Research & Development,1,3,0,3,2,2,14,4,0.0
996,13826,890,Research & Development,3,4,0,3,3,8,22,0,0.0
997,17328,971,Research & Development,4,4,0,2,6,7,19,7,0.0
998,3691,1219,Research & Development,4,4,1,4,1,7,15,6,1.0
999,5093,1225,Research & Development,4,1,1,4,2,0,11,0,0.0
1000,4066,1302,Research & Development,4,1,2,3,1,7,11,7,0.0
1001,19636,189,Human Resources,3,2,1,3,4,9,18,4,0.0
1002,4335,657,Research & Development,2,3,1,2,4,7,12,1,0.0
1003,2871,534,Research & Development,2,4,0,3,1,0,15,0,0.0
1004,9824,1495,Research & Development,3,3,1,3,3,0,19,0,0.0
1005,4037,586,Sales,1,1,1,3,1,8,22,8,0.0
1006,1118,599,Sales,3,4,0,3,1,0,14,0,1.0
1007,4306,480,Research & Development,2,1,1,1,1,10,12,12,0.0
1008,6392,1242,Sales,1,1,1,1,2,2,13,2,0.0
1009,2728,727,Sales,4,1,0,3,1,2,11,2,0.0
1010,5561,1176,Sales,2,3,1,2,1,0,14,2,0.0
1011,2157,1404,Sales,3,4,1,3,1,1,15,2,0.0
1012,6077,888,Human Resources,3,3,0,3,3,3,11,2,0.0
1013,4869,928,Research & Development,4,3,0,2,3,3,12,3,0.0
1014,5485,376,Research & Development,4,1,2,3,9,3,11,4,0.0
1015,2321,335,Research & Development,3,1,0,3,0,2,22,2,1.0
1016,12965,661,Research & Development,1,3,3,2,4,2,20,2,0.0
1017,3420,465,Research & Development,1,4,1,2,7,5,12,2,0.0
1018,5237,1299,Research & Development,3,3,2,2,6,7,13,7,0.0
1019,2127,1283,Research & Development,2,3,0,2,2,2,12,3,0.0
1020,5765,115,Sales,1,2,0,1,5,3,11,0,1.0
1021,1878,1306,Sales,2,2,0,3,1,0,14,0,1.0
1022,5055,1018,Research & Development,1,4,0,2,7,7,16,7,0.0
1023,5487,217,Sales,2,3,0,2,1,4,14,9,0.0
1024,13348,1396,Research & Development,3,1,1,4,9,7,13,7,0.0
1025,7140,979,Sales,3,1,1,3,2,7,11,7,0.0
1026,16032,1050,Research & Development,2,4,1,3,3,9,20,12,0.0
1027,19161,1064,Research & Development,2,4,0,3,3,4,15,3,0.0
1028,19232,532,Research & Development,3,4,0,3,1,17,11,15,0.0
1029,13872,682,Sales,4,3,0,2,0,10,13,8,0.0
1030,6347,1192,Research & Development,4,4,2,2,7,2,16,4,0.0
1031,10880,945,Research & Development,4,1,0,3,1,6,13,8,0.0
1032,2061,474,Research & Development,1,4,0,3,1,0,21,0,0.0
1033,2145,897,Human Resources,1,4,1,3,0,2,14,1,0.0
1034,8628,1239,Sales,4,3,1,2,1,7,18,1,0.0
1035,7547,691,Sales,4,4,3,3,4,7,12,7,0.0
1036,5006,1268,Sales,3,1,1,4,4,4,11,3,0.0
1037,2942,1355,Human Resources,3,3,1,3,1,7,23,7,0.0
1038,3441,1434,Research & Development,3,3,0,2,1,2,13,2,1.0
1039,4859,195,Sales,1,3,0,3,1,4,16,3,0.0
1040,2097,1400,Research & Development,3,4,1,1,4,3,15,4,0.0
1041,4033,1003,Research & Development,4,3,0,2,2,2,11,2,0.0
1042,16823,1137,Research & Development,1,1,1,3,2,7,11,16,0.0
1043,2226,1354,Research & Development,2,2,1,2,1,3,11,2,0.0
1044,9991,613,Research & Development,4,1,1,3,4,7,15,7,0.0
1045,10798,415,Sales,3,4,1,3,5,0,13,0,0.0
1046,6540,755,Research & Development,3,2,0,3,9,1,19,0,0.0
1047,8966,1361,Sales,3,1,3,3,3,7,15,7,0.0
1048,8633,1180,Research & Development,1,3,0,3,2,14,23,11,0.0
1049,3780,548,Research & Development,3,3,0,3,7,0,11,0,0.0
1050,5440,763,Sales,1,4,2,2,6,2,14,2,0.0
1051,5561,682,Sales,2,1,1,1,0,3,16,4,0.0
1052,2678,654,Sales,3,4,0,3,1,1,17,2,0.0
1053,2686,527,Research & Development,4,4,0,2,1,9,13,8,1.0
1054,5562,1302,Research & Development,1,1,1,3,3,2,13,2,0.0
1055,19419,840,Research & Development,1,3,1,4,2,16,17,11,0.0
1056,19717,206,Human Resources,4,2,0,3,6,3,14,7,0.0
1057,5347,1351,Research & Development,1,3,2,2,6,2,14,2,0.0
1058,4478,1377,Sales,4,3,0,3,1,4,11,4,0.0
1059,4541,200,Research & Development,4,4,0,3,1,11,25,17,0.0
1060,9714,740,Sales,2,1,1,3,1,8,11,7,0.0
1061,2472,391,Research & Development,4,2,0,3,1,0,23,0,0.0
1062,2585,1320,Research & Development,3,3,0,2,0,0,17,0,0.0
1063,3737,829,Human Resources,3,4,1,1,0,2,19,2,0.0
1064,4385,336,Sales,1,1,1,3,1,7,15,5,0.0
1065,6538,1381,Sales,3,3,1,3,9,2,15,2,0.0
1066,1611,1124,Research & Development,4,4,0,4,1,0,15,0,0.0
1067,2911,832,Research & Development,3,4,1,2,1,2,13,2,0.0
1068,2743,885,Research & Development,3,1,0,3,1,13,16,14,1.0
1069,4878,501,Research & Development,2,4,1,3,0,7,13,1,0.0
1070,3280,182,Research & Development,2,4,0,3,2,2,16,3,0.0
1071,16659,1311,Research & Development,3,4,0,3,2,4,13,2,0.0
1072,3669,882,Research & Development,4,4,3,2,3,2,11,2,0.0
1073,8412,1398,Sales,3,1,0,3,0,8,11,8,0.0
1074,4558,1300,Research & Development,3,1,1,3,1,0,12,8,0.0
1075,18303,265,Sales,4,3,0,4,6,0,13,0,0.0
1076,5381,626,Research & Development,1,3,0,3,9,0,13,0,1.0
1077,8837,1146,Human Resources,3,4,0,3,1,0,16,7,0.0
1078,4766,167,Research & Development,2,4,1,3,3,0,11,0,0.0
1079,4908,821,Sales,1,4,0,3,1,2,14,2,0.0
1080,6134,1456,Sales,2,1,3,3,5,2,13,2,0.0
1081,9888,937,Sales,1,4,0,2,1,8,21,1,0.0
1082,3917,802,Research & Development,2,4,1,2,1,2,20,2,0.0
1083,2115,1372,Research & Development,4,4,0,3,1,12,12,7,0.0
1084,2766,855,Research & Development,2,2,3,2,8,3,22,4,0.0
1085,3448,555,Research & Development,2,3,1,3,6,0,22,0,0.0
1086,19973,247,Research & Development,2,3,2,3,1,16,22,10,0.0
1087,4260,1371,Sales,4,3,1,4,1,2,12,3,0.0
1088,4011,721,Research & Development,3,4,0,3,1,8,23,7,0.0
1089,4502,530,Sales,3,4,0,2,3,7,15,7,0.0
1090,7596,164,Sales,2,3,2,3,1,9,13,0,0.0
1091,18606,1223,Research & Development,4,3,1,3,3,7,18,7,0.0
1092,3904,683,Research & Development,1,4,0,3,0,3,12,1,0.0
1093,9250,1288,Sales,3,2,1,3,3,2,12,3,0.0
1094,3468,591,Research & Development,1,2,1,3,9,2,12,2,0.0
1095,10934,661,Sales,1,4,1,3,7,2,18,4,0.0
1096,10445,994,Research & Development,2,2,0,3,7,6,19,0,0.0
1097,1091,746,Sales,3,1,0,3,1,0,17,0,0.0
1098,6931,1247,Sales,4,4,1,3,2,2,14,2,0.0
1099,2576,201,Research & Development,2,1,1,3,3,2,16,2,0.0
1100,2406,543,Research & Development,1,4,2,2,8,0,19,0,0.0
1101,2983,413,Sales,4,2,0,3,0,2,14,2,0.0
1102,8020,1232,Sales,3,2,2,2,0,9,15,9,0.0
1103,7991,849,Sales,2,2,0,3,8,2,15,2,0.0
1104,2398,1294,Research & Development,3,1,0,3,1,0,17,0,0.0
1105,2132,950,Research & Development,4,4,1,3,4,4,20,3,0.0
1106,5916,556,Research & Development,2,3,0,3,3,0,13,1,1.0
1107,6804,1002,Research & Development,4,4,2,3,1,7,15,7,0.0
1108,5326,1146,Sales,4,1,0,2,6,3,17,2,1.0
1109,2144,1103,Research & Development,3,3,0,2,1,3,14,4,0.0
1110,3068,1005,Research & Development,4,4,0,2,0,7,13,6,0.0
1111,2613,1312,Research & Development,1,3,3,2,1,7,25,9,0.0
1112,17584,1070,Research & Development,3,3,3,2,3,3,16,3,0.0
1113,5582,1463,Research & Development,2,4,1,3,0,0,21,8,0.0
1114,4298,472,Research & Development,3,1,1,3,5,2,19,0,0.0
1115,9619,669,Sales,3,4,0,3,1,8,16,7,1.0
1116,17861,1009,Research & Development,1,3,0,1,6,2,13,1,0.0
1117,1420,230,Research & Development,3,3,0,3,1,0,13,0,1.0
1118,2366,887,Research & Development,3,3,1,3,1,7,14,7,1.0
1119,2044,1181,Research & Development,3,4,1,4,1,3,11,3,0.0
1120,4400,383,Sales,1,1,0,3,3,2,12,2,1.0
1121,5486,1221,Sales,3,1,3,3,4,2,11,2,0.0
1122,13464,1253,Research & Development,3,3,0,3,7,3,21,2,0.0
1123,2818,986,Research & Development,1,4,1,2,2,2,24,2,0.0
1124,16422,182,Research & Development,1,2,0,4,3,2,11,0,0.0
1125,9998,1111,Sales,2,4,0,4,6,4,13,2,0.0
1126,4736,641,Sales,4,3,1,4,7,2,12,2,0.0
1127,6447,446,Research & Development,2,2,1,2,6,5,12,3,0.0
1128,2340,665,Research & Development,3,4,0,3,1,5,19,5,0.0
1129,4087,1200,Research & Development,4,1,1,2,4,5,14,2,0.0
1130,2886,1287,Research & Development,1,3,1,3,1,3,16,2,1.0
1131,5441,632,Sales,3,4,0,1,0,7,22,0,0.0
1132,4477,1457,Research & Development,1,3,1,2,4,2,19,2,0.0
1133,2705,185,Research & Development,2,3,1,4,0,4,16,3,0.0
1134,8321,1383,Research & Development,4,1,1,3,7,8,13,7,0.0
1135,7978,621,Research & Development,1,4,1,3,1,7,11,5,1.0
1136,4244,791,Research & Development,3,2,1,3,1,7,24,7,0.0
1137,2691,1397,Research & Development,2,4,1,2,1,9,12,8,0.0
1138,2066,1255,Research & Development,1,1,1,4,2,2,22,0,0.0
1139,2166,1329,Research & Development,1,1,0,1,3,2,14,3,0.0
1140,2496,924,Research & Development,3,4,0,3,4,1,11,0,0.0
1141,13577,177,Research & Development,4,2,1,3,1,9,15,0,0.0
1142,17465,406,Sales,1,3,1,3,3,9,12,9,0.0
1143,6349,210,Sales,3,2,1,3,0,4,13,4,0.0
1144,18061,364,Research & Development,2,2,0,3,3,0,22,0,0.0
1145,14732,1136,Research & Development,2,4,2,4,2,7,13,0,0.0
1146,2534,1291,Sales,3,4,1,3,8,0,14,0,0.0
1147,8103,735,Sales,4,4,0,2,3,2,12,1,0.0
1148,4779,760,Sales,2,2,0,3,1,7,20,5,0.0
1149,6244,462,Sales,3,3,0,3,7,4,17,3,0.0
1150,2897,155,Research & Development,1,3,2,2,3,3,11,3,0.0
1151,2058,992,Research & Development,3,3,0,2,0,2,14,5,1.0
1152,2432,238,Research & Development,1,3,0,3,3,1,14,3,0.0
1153,2168,942,Research & Development,2,4,1,2,0,4,18,3,0.0
1154,4960,703,Sales,4,1,0,3,2,7,12,7,0.0
1155,2743,116,Research & Development,3,2,1,3,1,2,20,2,0.0
1156,3202,1448,Sales,1,2,0,3,1,3,16,4,1.0
1157,6687,404,Research & Development,3,4,0,4,1,11,11,11,0.0
1158,7491,799,Research & Development,2,4,0,4,4,5,17,2,0.0
1159,4465,976,Sales,3,4,0,3,0,2,18,2,0.0
1160,6214,1130,Sales,2,2,1,3,1,7,18,7,0.0
1161,2450,992,Research & Development,4,1,0,3,1,0,19,2,0.0
1162,2593,269,Research & Development,4,1,1,3,0,6,11,8,0.0
1163,11244,495,Research & Development,3,4,0,4,2,2,25,0,0.0
1164,4028,243,Sales,4,4,0,3,0,7,20,5,0.0
1165,5204,1224,Sales,3,4,0,3,1,8,11,9,0.0
1166,13964,1091,Research & Development,3,3,0,3,7,1,12,7,0.0
1167,7847,1179,Sales,4,4,1,3,1,9,17,8,0.0
1168,9725,216,Sales,2,4,1,2,0,1,11,9,0.0
1169,2718,953,Research & Development,2,2,0,3,2,7,14,7,0.0
1170,10475,580,Sales,4,1,1,3,5,13,21,12,0.0
1171,1702,1490,Research & Development,4,4,1,3,1,0,23,0,0.0
1172,1706,443,Research & Development,4,4,3,2,1,0,11,0,0.0
1173,5617,754,Sales,1,4,0,3,1,7,11,8,0.0
1174,5249,1327,Sales,4,4,1,3,3,7,18,5,0.0
1175,18300,1482,Research & Development,4,3,1,3,4,2,11,1,0.0
1176,6261,1084,Research & Development,4,4,1,1,3,7,18,7,0.0
1177,2632,438,Research & Development,1,3,0,2,1,4,14,4,0.0
1178,2703,773,Research & Development,3,3,1,3,1,1,14,2,0.0
1179,2187,798,Research & Development,1,3,2,2,0,3,12,3,0.0
1180,3423,991,Human Resources,4,1,0,4,6,6,12,7,0.0
1181,13194,1479,Sales,2,2,0,2,4,0,16,0,1.0
1182,19187,282,Research & Development,4,3,1,3,4,9,14,11,0.0
1183,2886,1349,Research & Development,1,4,2,1,1,2,22,2,0.0
1184,2376,636,Research & Development,4,4,1,4,1,2,13,2,0.0
1185,4089,622,Research & Development,3,4,2,3,1,2,13,2,0.0
1186,6852,107,Sales,2,2,1,4,7,1,12,3,0.0
1187,1483,1181,Research & Development,2,2,0,3,1,0,14,0,0.0
1188,11031,697,Research & Development,3,3,1,4,4,7,20,8,0.0
1189,3646,592,Research & Development,1,1,0,4,2,0,23,0,1.0
1190,4197,311,Research & Development,2,3,1,3,1,8,11,2,0.0
1191,10466,1490,Research & Development,3,2,2,3,3,7,14,7,0.0
1192,2836,959,Research & Development,4,2,0,4,1,0,13,0,0.0
1193,5484,906,Sales,4,3,1,2,1,8,14,8,0.0
1194,9980,635,Sales,2,4,0,2,1,3,14,7,0.0
1195,16959,394,Sales,3,4,2,4,1,12,12,12,0.0
1196,4364,575,Research & Development,1,4,1,3,3,2,14,0,0.0
1197,3041,1420,Sales,3,1,1,3,0,3,11,2,1.0
1198,2093,1474,Research & Development,2,3,1,3,4,2,17,0,0.0
1199,4759,1326,Sales,4,1,0,3,3,9,18,12,0.0
1200,13695,267,Sales,1,3,0,2,6,7,17,8,1.0
1201,5231,1265,Research & Development,3,4,1,2,2,3,13,3,0.0
1202,6728,878,Sales,2,3,2,3,7,3,12,1,0.0
1203,4302,970,Sales,4,2,1,3,0,2,17,2,0.0
1204,2693,1358,Research & Development,4,3,1,3,1,0,22,0,0.0
1205,2258,982,Research & Development,4,3,1,3,6,0,12,7,0.0
1206,5155,647,Sales,2,1,0,4,7,4,13,5,0.0
1207,3617,1469,Research & Development,4,2,1,3,8,1,14,0,0.0
1208,6274,304,Sales,4,4,0,3,1,5,22,4,0.0
1209,17046,1099,Research & Development,2,3,1,3,0,10,15,7,0.0
1210,3452,1316,Research & Development,3,4,0,2,5,5,13,3,0.0
1211,2716,156,Sales,3,2,0,3,1,0,15,0,1.0
1212,3920,1017,Research & Development,3,1,1,2,2,1,14,2,0.0
1213,4682,508,Sales,2,4,0,2,3,7,14,1,0.0
1214,1129,1276,Research & Development,4,4,3,3,1,0,11,0,0.0
1215,2439,459,Research & Development,4,4,0,2,1,0,24,0,0.0
1216,16752,202,Research & Development,3,4,1,2,1,14,11,0,0.0
1217,2033,448,Sales,2,1,1,4,1,0,18,0,1.0
1218,7412,608,Research & Development,3,1,0,3,1,7,11,7,0.0
1219,6854,431,Research & Development,4,4,1,2,4,1,15,7,0.0
1220,17924,881,Research & Development,1,1,1,3,1,6,11,7,0.0
1221,2319,805,Research & Development,2,1,1,3,1,0,11,0,1.0
1222,5647,329,Sales,3,1,2,2,4,2,13,2,0.0
1223,9724,1339,Research & Development,2,1,1,3,2,0,17,0,0.0
1224,6796,562,Sales,2,3,1,3,3,3,14,3,1.0
1225,19431,105,Research & Development,4,4,0,2,2,0,13,3,0.0
1226,4105,954,Sales,4,4,0,3,1,7,14,7,0.0
1227,5488,827,Research & Development,3,2,1,3,1,5,13,2,0.0
1228,7379,150,Research & Development,4,4,1,2,2,3,11,4,0.0
1229,2379,1297,Research & Development,4,4,0,2,0,4,14,2,0.0
1230,19038,478,Research & Development,3,1,3,3,8,0,12,0,0.0
1231,10725,397,Human Resources,3,2,1,4,2,7,15,1,0.0
1232,4537,249,Sales,3,4,1,3,0,6,22,7,0.0
1233,7104,1216,Sales,3,3,0,3,0,0,12,2,0.0
1234,10685,607,Research & Development,4,3,1,3,1,14,20,15,0.0
1235,6782,439,Research & Development,3,2,0,2,9,4,15,3,0.0
1236,5745,688,Research & Development,4,4,1,3,9,2,14,2,0.0
1237,19586,685,Sales,3,4,1,3,1,6,21,13,0.0
1238,10686,1082,Sales,3,3,1,3,6,4,11,0,0.0
1239,4197,1305,Research & Development,3,2,0,2,2,0,12,1,0.0
1240,3033,805,Research & Development,1,3,0,2,1,2,12,2,0.0
1241,5094,720,Research & Development,1,3,0,3,6,0,14,0,0.0
1242,19847,237,Sales,4,2,1,2,4,10,24,10,0.0
1243,6074,658,Research & Development,1,3,0,3,1,7,24,6,1.0
1244,3294,401,Research & Development,4,2,1,2,5,4,17,2,0.0
1245,7406,319,Research & Development,4,1,1,2,1,9,21,8,0.0
1246,5762,1180,Research & Development,2,4,1,3,2,7,14,7,0.0
1247,2760,428,Sales,2,2,0,3,1,2,13,2,0.0
1248,2109,590,Research & Development,4,1,1,3,1,0,13,0,0.0
1249,1274,990,Research & Development,3,3,2,2,1,0,13,0,0.0
1250,2437,807,Research & Development,3,3,1,3,9,0,16,0,0.0
1251,19926,1452,Research & Development,3,2,0,3,3,4,15,4,0.0
1252,6294,461,Research & Development,4,3,0,4,8,2,12,2,0.0
1253,2501,1082,Research & Development,3,2,0,3,1,1,17,0,0.0
1254,2592,1336,Human Resources,1,2,3,3,5,10,13,8,0.0
1255,5467,1200,Research & Development,4,4,2,2,3,2,14,3,0.0
1256,4663,559,Research & Development,3,3,2,3,9,2,12,1,0.0
1257,17181,857,Research & Development,4,1,1,2,4,6,13,7,0.0
1258,17099,1053,Research & Development,4,4,1,2,2,8,15,8,0.0
1259,4661,523,Research & Development,3,4,0,3,1,8,13,8,0.0
1260,18665,636,Research & Development,3,1,0,3,9,2,11,2,0.0
1261,5769,205,Sales,4,4,0,3,1,2,11,4,0.0
1262,3944,371,Research & Development,4,4,0,3,5,2,11,2,0.0
1263,10596,541,Sales,2,2,0,3,2,2,11,2,0.0
1264,2345,896,Research & Development,3,3,1,4,2,1,14,2,0.0
1265,3131,1401,Research & Development,2,4,1,3,1,8,13,8,0.0
1266,9705,658,Sales,1,2,1,2,2,0,12,0,0.0
1267,13116,942,Research & Development,1,3,0,3,2,2,11,2,0.0
1268,5063,653,Research & Development,4,3,1,2,1,2,14,7,0.0
1269,6091,317,Research & Development,3,4,0,3,2,4,20,2,0.0
1270,5390,1023,Sales,4,2,0,2,2,6,14,8,0.0
1271,4262,232,Research & Development,4,4,2,4,4,2,12,2,0.0
1272,7295,662,Sales,3,2,2,3,1,8,13,6,0.0
1273,17650,1234,Sales,4,4,1,4,3,3,13,1,0.0
1274,14411,333,Research & Development,3,4,0,3,1,6,13,9,0.0
1275,10820,1082,Research & Development,3,1,1,3,8,7,11,1,0.0
1276,2837,267,Research & Development,3,2,0,3,1,2,13,1,0.0
1277,17169,359,Research & Development,1,3,2,4,3,17,19,6,0.0
1278,13142,1405,Research & Development,4,2,0,2,3,2,16,3,0.0
1279,10845,566,Research & Development,4,3,1,3,6,7,13,7,0.0
1280,10482,1376,Human Resources,2,1,1,3,9,6,14,6,1.0
1281,16124,694,Research & Development,4,4,2,2,3,7,14,7,0.0
1282,10453,526,Sales,2,1,3,3,1,13,25,7,0.0
1283,15202,365,Research & Development,3,4,1,3,2,2,25,2,0.0
1284,4069,1142,Research & Development,4,4,0,3,3,2,18,2,0.0
1285,2800,341,Sales,2,3,3,3,6,2,19,2,1.0
1286,5715,759,Sales,4,2,2,3,7,4,12,3,0.0
1287,6696,334,Sales,3,1,0,2,5,3,15,1,1.0
1288,6062,932,Research & Development,4,4,1,3,9,3,13,2,0.0
1289,6811,509,Research & Development,1,3,0,3,2,7,17,7,0.0
1290,4332,335,Research & Development,4,3,0,3,1,9,12,7,0.0
1291,17861,495,Research & Development,3,3,0,2,0,8,13,10,0.0
1292,2096,622,Sales,2,3,0,3,1,4,11,6,0.0
1293,3433,585,Research & Development,1,3,1,2,6,2,13,3,0.0
1294,5675,1422,Sales,1,4,1,3,1,7,20,7,0.0
1295,2933,482,Research & Development,2,3,1,2,1,0,13,0,0.0
1296,4855,903,Research & Development,3,2,2,3,4,2,11,4,0.0
1297,4233,1365,Sales,2,1,0,1,2,1,17,2,1.0
1298,6142,155,Research & Development,2,2,1,3,1,2,20,3,0.0
1299,6032,483,Research & Development,4,2,0,3,6,4,15,2,0.0
1300,5410,429,Research & Development,3,2,0,3,9,14,11,12,0.0
1301,6288,471,Research & Development,1,1,1,2,2,3,15,2,0.0
1302,2506,1258,Research & Development,4,3,0,3,3,2,13,2,0.0
1303,5593,1050,Sales,2,3,1,3,1,10,13,12,0.0
1304,13770,217,Sales,4,3,2,2,9,2,12,13,0.0
1305,19943,718,Research & Development,4,1,1,3,4,2,13,2,0.0
1306,2269,234,Sales,2,2,1,3,0,2,14,2,0.0
1307,18844,1420,Human Resources,3,4,1,3,9,2,21,2,0.0
1308,2216,654,Research & Development,1,2,0,3,7,7,13,7,1.0
1309,4728,959,Sales,4,3,0,3,3,0,14,0,1.0
1310,6877,946,Research & Development,3,4,0,2,5,0,24,0,0.0
1311,2206,125,Research & Development,4,3,0,3,1,0,13,8,0.0
1312,1081,945,Sales,2,4,0,2,1,0,13,0,0.0
1313,2610,895,Sales,1,4,0,2,1,2,24,2,0.0
1314,3743,622,Research & Development,3,2,1,1,1,2,24,2,1.0
1315,2213,1171,Research & Development,4,3,1,3,3,7,13,7,0.0
1316,5468,196,Sales,1,4,2,3,1,7,14,7,0.0
1317,11103,832,Research & Development,3,4,0,2,7,7,11,1,0.0
1318,2342,429,Research & Development,3,2,3,2,1,3,12,3,0.0
1319,19081,1450,Research & Development,4,2,1,3,5,2,11,3,0.0
1320,2741,905,Research & Development,3,4,1,4,8,2,15,7,0.0
1321,5021,945,Human Resources,2,2,1,3,8,2,22,2,0.0
1322,4312,776,Sales,3,1,0,3,0,13,14,8,0.0
1323,13499,593,Research & Development,2,3,0,2,9,7,17,13,0.0
1324,11713,427,Research & Development,1,1,1,3,9,7,14,5,0.0
1325,4081,930,Research & Development,1,3,0,1,1,7,14,8,0.0
1326,2789,444,Sales,4,2,1,2,1,2,11,2,0.0
1327,2143,1041,Human Resources,3,2,1,3,4,2,13,4,0.0
1328,10252,363,Research & Development,3,1,1,3,2,7,21,7,0.0
1329,6632,954,Sales,2,3,0,3,0,7,13,1,0.0
1330,2566,1450,Research & Development,3,3,1,2,1,1,15,1,0.0
1331,19537,684,Research & Development,1,3,0,3,7,18,13,15,0.0
1332,7525,124,Sales,3,2,1,3,2,7,12,12,0.0
1333,9824,534,Research & Development,1,3,0,3,3,0,12,0,1.0
1334,2559,1343,Research & Development,3,1,0,2,1,5,11,1,0.0
1335,2099,1377,Research & Development,2,1,0,4,0,0,14,4,0.0
1336,3816,1469,Research & Development,4,2,1,3,1,2,11,4,0.0
1337,5957,470,Research & Development,4,1,1,3,6,9,13,9,0.0
1338,5321,508,Research & Development,1,3,1,3,2,3,11,7,0.0
1339,4999,1353,Sales,1,3,1,2,0,2,21,2,0.0
1340,16328,136,Research & Development,4,1,1,4,3,6,13,17,0.0
1341,17603,1291,Research & Development,3,3,1,3,1,10,24,11,0.0
1342,2610,693,Research & Development,4,3,3,3,1,2,11,3,0.0
1343,8564,211,Sales,1,1,0,2,2,0,20,0,0.0
1344,6151,256,Sales,3,2,0,3,1,2,13,9,0.0
1345,16872,488,Sales,3,2,1,2,3,7,12,7,0.0
1346,4841,1210,Research & Development,3,2,1,3,4,0,14,0,0.0
1347,6577,1082,Sales,2,3,0,3,0,4,11,4,0.0
1348,19627,430,Research & Development,4,4,2,3,9,2,17,2,0.0
1349,6962,430,Research & Development,4,2,1,3,4,0,22,0,0.0
1350,6811,975,Research & Development,4,1,0,1,8,6,19,7,0.0
1351,4998,1316,Research & Development,4,3,0,3,4,7,14,7,0.0
1352,3117,546,Research & Development,3,4,0,3,1,2,18,2,0.0
1353,13591,896,Sales,4,4,0,3,3,0,18,0,0.0
1354,2174,756,Sales,1,2,0,3,1,2,11,2,1.0
1355,2996,560,Research & Development,4,1,2,3,5,3,14,3,0.0
1356,3688,566,Research & Development,3,4,2,3,4,0,18,0,0.0
1357,2231,303,Sales,3,3,1,3,6,3,18,2,0.0
1358,5811,833,Research & Development,2,4,1,3,3,0,16,0,0.0
1359,2293,1357,Research & Development,1,3,0,2,1,0,12,1,1.0
1360,2440,148,Research & Development,4,2,0,3,1,3,22,3,0.0
1361,2559,969,Research & Development,4,2,0,2,5,0,11,0,0.0
1362,4450,1084,Research & Development,4,1,2,3,1,2,11,3,0.0
1363,6120,1498,Sales,1,4,2,4,3,4,12,4,0.0
1364,9907,414,Sales,3,2,0,2,7,2,12,2,0.0
1365,5346,234,Research & Development,4,1,1,2,4,1,17,7,0.0
1366,2133,1394,Research & Development,4,2,1,3,1,11,16,7,0.0
1367,5484,1351,Research & Development,2,4,1,2,9,2,17,1,0.0
1368,10793,326,Sales,1,4,1,3,1,7,18,9,0.0
1369,5071,793,Sales,4,4,0,3,3,2,20,0,0.0
1370,10761,930,Sales,4,1,1,3,4,4,12,2,0.0
1371,2794,1311,Research & Development,2,2,0,1,1,1,20,3,0.0
1372,7260,1400,Research & Development,4,4,0,2,4,4,11,2,0.0
1373,6132,1169,Research & Development,2,3,0,3,2,0,17,0,0.0
1374,17639,691,Research & Development,3,3,0,3,5,3,16,3,0.0
1375,7655,950,Research & Development,4,2,3,2,0,7,17,7,0.0
1376,4508,827,Research & Development,1,3,0,3,1,7,22,8,1.0
1377,2404,906,Research & Development,4,1,0,3,6,0,20,0,1.0
1378,5003,549,Research & Development,4,3,0,3,6,2,14,1,0.0
1379,4941,723,Research & Development,3,2,0,2,2,2,15,7,1.0
1380,2853,1256,Research & Development,3,4,1,3,0,0,11,0,1.0
1381,6883,1370,Research & Development,4,3,1,3,2,7,16,7,0.0
1382,3196,1179,Research & Development,4,1,3,3,1,5,12,3,0.0
1383,6500,511,Sales,1,3,0,2,0,7,14,7,0.0
1384,2045,1115,Research & Development,1,4,0,3,0,2,13,1,0.0
1385,2976,1309,Sales,2,3,0,3,3,0,19,0,0.0
1386,3517,486,Research & Development,2,3,0,3,7,2,17,2,0.0
1387,2042,489,Research & Development,2,2,1,4,4,2,12,2,0.0
1388,5147,1283,Sales,4,2,0,2,8,7,15,7,0.0
1389,2756,931,Research & Development,4,2,1,3,1,7,13,6,0.0
1390,6549,1083,Research & Development,3,2,2,2,1,6,14,7,0.0
1391,10274,819,Research & Development,3,2,1,4,2,7,18,4,0.0
1392,2430,1402,Sales,2,3,2,3,0,3,23,2,0.0
1393,15972,1225,Sales,2,2,3,3,6,2,14,2,0.0
1394,13245,193,Research & Development,4,1,0,4,4,0,14,0,0.0
1395,10388,583,Research & Development,3,3,1,2,1,10,11,1,0.0
1396,11631,1354,Research & Development,3,1,0,3,2,10,12,8,0.0
1397,2810,1351,Research & Development,1,2,0,3,1,4,22,2,0.0
1398,4162,1476,Sales,4,3,2,3,1,4,12,3,0.0
1399,2028,267,Research & Development,2,2,3,3,1,11,18,13,0.0
1400,5828,950,Sales,4,4,0,3,1,7,12,4,1.0
1401,4078,499,Sales,3,2,3,2,0,2,13,2,0.0
1402,2645,1273,Research & Development,4,3,2,2,1,3,12,4,0.0
1403,2661,1346,Research & Development,2,4,1,3,0,2,11,2,0.0
1404,4107,124,Research & Development,4,2,0,2,3,3,15,1,0.0
1405,6162,859,Research & Development,3,3,1,3,1,13,12,8,0.0
1406,6410,106,Human Resources,1,1,0,3,3,2,12,0,0.0
1407,5368,530,Sales,3,4,1,3,1,5,25,2,0.0
1408,8237,1462,Sales,4,3,1,3,2,6,11,6,0.0
1409,4507,1313,Sales,4,4,0,4,3,1,12,4,0.0
1410,4000,675,Research & Development,2,1,2,3,1,3,12,5,0.0
1411,5209,1334,Sales,3,2,3,2,1,8,12,7,0.0
1412,2308,1440,Sales,2,3,1,3,0,10,25,7,0.0
1413,5295,492,Research & Development,4,2,0,3,4,4,21,0,0.0
1414,2596,1009,Research & Development,1,2,2,3,1,0,15,0,1.0
1415,19665,1224,Research & Development,4,2,0,3,4,10,12,9,0.0
1416,10903,672,Research & Development,4,2,0,3,3,10,16,8,0.0
1417,9241,918,Sales,4,3,0,3,1,8,12,7,0.0
1418,7119,654,Research & Development,4,4,1,3,4,2,15,2,0.0
1419,6118,570,Sales,4,3,3,3,1,9,13,2,0.0
1420,2694,1092,Research & Development,3,2,3,3,1,0,11,0,0.0
1421,4447,805,Research & Development,3,2,0,2,1,7,12,8,0.0
1422,8639,959,Sales,1,3,0,3,2,2,18,2,0.0
1423,2859,1214,Research & Development,2,3,0,3,1,4,18,4,0.0
1424,2259,1469,Research & Development,4,3,2,2,4,0,17,0,0.0
1425,16437,898,Human Resources,3,4,0,3,1,7,21,7,0.0
1426,19094,1282,Research & Development,3,3,1,2,4,13,11,8,0.0
1427,2329,154,Sales,2,3,0,4,3,7,15,2,0.0
1428,4148,208,Research & Development,3,3,1,3,1,11,12,9,0.0
1429,2372,848,Research & Development,1,3,2,3,1,2,12,2,0.0
1430,4771,1206,Research & Development,2,4,2,4,2,2,19,3,0.0
1431,2785,703,Sales,3,4,0,4,7,0,14,0,1.0
1432,7880,903,Sales,1,3,0,3,0,7,18,7,0.0
1433,12490,1469,Research & Development,2,2,2,1,5,9,16,7,0.0
1434,4103,1018,Sales,3,1,1,3,0,3,17,7,0.0
1435,3291,490,Research & Development,4,2,2,2,0,5,14,1,0.0
1436,2380,781,Research & Development,4,4,1,2,9,0,14,0,1.0
1437,3748,911,Research & Development,4,2,0,2,1,8,13,7,0.0
1438,5130,279,Research & Development,3,2,1,3,1,7,23,7,0.0
1439,2723,833,Research & Development,3,4,0,2,1,0,11,0,0.0
1440,2127,823,Research & Development,4,2,1,3,1,0,21,0,0.0
1441,3904,360,Research & Development,3,1,0,3,0,2,13,3,1.0
1442,3212,1323,Research & Development,3,4,0,2,7,2,15,2,0.0
1443,6646,1017,Research & Development,2,4,0,3,1,11,13,8,0.0
1444,3760,567,Research & Development,1,4,0,3,1,3,13,3,0.0
1445,18824,1449,Sales,1,2,0,3,2,10,16,11,1.0
1446,11416,153,Research & Development,2,1,3,2,0,7,12,7,0.0
1447,4969,265,Sales,2,1,0,3,8,2,18,2,1.0
1448,10124,288,Research & Development,4,4,1,1,2,8,14,9,0.0
1449,4198,437,Sales,2,2,0,4,2,2,12,2,0.0
1450,2311,629,Research & Development,4,2,0,3,2,2,15,2,0.0
1451,2838,968,Research & Development,2,3,0,2,0,0,14,7,0.0
1452,5605,322,Sales,1,1,1,3,1,0,24,7,0.0
1453,2559,661,Research & Development,2,1,0,3,1,7,13,1,0.0
1454,4556,532,Research & Development,1,3,1,3,2,4,11,2,0.0
1455,7625,827,Research & Development,2,4,0,2,0,7,13,8,0.0
1456,9094,299,Sales,4,2,0,3,2,4,12,0,1.0
1457,4325,1153,Research & Development,1,2,0,3,1,2,15,3,0.0
1458,2389,896,Research & Development,3,4,0,2,1,3,13,1,1.0
1459,2517,1167,Research & Development,1,3,3,3,1,3,11,3,0.0
1460,13549,1217,Research & Development,1,3,1,1,9,3,12,3,0.0
1461,16885,1262,Research & Development,1,4,0,2,2,4,22,1,0.0
1462,3420,1467,Research & Development,4,2,0,2,1,2,13,3,0.0
1463,7082,1206,Sales,4,3,0,3,3,0,16,2,0.0
1464,8381,238,Sales,4,1,0,4,7,7,20,10,0.0
1465,8722,1366,Research & Development,2,1,0,2,1,7,12,9,1.0
1466,7861,168,Research & Development,3,3,0,4,4,0,14,0,0.0
1467,13269,813,Research & Development,4,1,3,3,5,11,15,11,0.0
1468,2515,1485,Research & Development,3,4,0,2,1,1,11,0,1.0
1469,3544,458,Research & Development,3,3,1,3,9,2,16,0,0.0
1470,2325,602,Sales,3,1,0,4,0,0,21,0,1.0
